ciudad,fecha_datos,url,Fecha,Temperatura,Clima,Viento
La Gomera,2025-02-12,https://www.tiempo3.com/europe/spain/canary-islands/la-gomera?page=14,"Miércoles, 12 febrero",19°/18°,Lluvia moderada a intervalos,17Km/h
La Gomera,2025-02-12,https://www.tiempo3.com/europe/spain/canary-islands/la-gomera?page=14,"Jueves, 13 febrero",19°/18°,Cielo cubierto,15Km/h
La Gomera,2025-02-12,https://www.tiempo3.com/europe/spain/canary-islands/la-gomera?page=14,"Viernes, 14 febrero",19°/18°,Despejado,11Km/h
La Gomera,2025-02-12,https://www.tiempo3.com/europe/spain/canary-islands/la-gomera?page=14,"Sábado, 15 febrero",19°/18°,Lluvia moderada a intervalos,27Km/h
La Gomera,2025-02-12,https://www.tiempo3.com/europe/spain/canary-islands/la-gomera?page=14,"Domingo, 16 febrero",18°/17°,Despejado,15Km/h
La Gomera,2025-02-12,https://www.tiempo3.com/europe/spain/canary-islands/la-gomera?page=14,"Lunes, 17 febrero",18°/17°,Parcialmente nublado,23Km/h
La Gomera,2025-02-12,https://www.tiempo3.com/europe/spain/canary-islands/la-gomera?page=14,"Martes, 18 febrero",19°/18°,Lluvia moderada a intervalos,35Km/h
La Gomera,2025-02-12,https://www.tiempo3.com/europe/spain/canary-islands/la-gomera?page=14,"Miércoles, 19 febrero",18°/17°,Lluvia moderada a intervalos,19Km/h
La Gomera,2025-02-12,https://www.tiempo3.com/europe/spain/canary-islands/la-gomera?page=14,"Jueves, 20 febrero",17°/16°,Despejado,14Km/h
La Gomera,2025-02-12,https://www.tiempo3.com/europe/spain/canary-islands/la-gomera?page=14,"Viernes, 21 febrero",19°/17°,Despejado,21Km/h
La Gomera,2025-02-12,https://www.tiempo3.com/europe/spain/canary-islands/la-gomera?page=14,"Sábado, 22 febrero",19°/17°,Despejado,10Km/h
La Gomera,2025-02-12,https://www.tiempo3.com/europe/spain/canary-islands/la-gomera?page=14,"Domingo, 23 febrero",17°/17°,Despejado,7Km/h
La Gomera,2025-02-12,https://www.tiempo3.com/europe/spain/canary-islands/la-gomera?page=14,"Lunes, 24 febrero",18°/17°,Cielo cubierto,9Km/h
La Gomera,2025-02-12,https://www.tiempo3.com/europe/spain/canary-islands/la-gomera?page=14,"Martes, 25 febrero",18°/17°,Lluvia moderada a intervalos,37Km/h
Palma,2025-02-12,https://www.tiempo3.com/europe/spain/balearic-islands/palma?page=14,"Miércoles, 12 febrero",16°/10°,Parcialmente nublado,9Km/h
Palma,2025-02-12,https://www.tiempo3.com/europe/spain/balearic-islands/palma?page=14,"Jueves, 13 febrero",15°/10°,Ligeras precipitaciones,2Km/h
Palma,2025-02-12,https://www.tiempo3.com/europe/spain/balearic-islands/palma?page=14,"Viernes, 14 febrero",16°/10°,Nublado,4Km/h
Palma,2025-02-12,https://www.tiempo3.com/europe/spain/balearic-islands/palma?page=14,"Sábado, 15 febrero",16°/9°,Parcialmente nublado,7Km/h
Palma,2025-02-12,https://www.tiempo3.com/europe/spain/balearic-islands/palma?page=14,"Domingo, 16 febrero",16°/9°,Soleado,4Km/h
Palma,2025-02-12,https://www.tiempo3.com/europe/spain/balearic-islands/palma?page=14,"Lunes, 17 febrero",16°/9°,Despejado,6Km/h
Palma,2025-02-12,https://www.tiempo3.com/europe/spain/balearic-islands/palma?page=14,"Martes, 18 febrero",17°/10°,Despejado,15Km/h
Palma,2025-02-12,https://www.tiempo3.com/europe/spain/balearic-islands/palma?page=14,"Miércoles, 19 febrero",18°/10°,Despejado,16Km/h
Palma,2025-02-12,https://www.tiempo3.com/europe/spain/balearic-islands/palma?page=14,"Jueves, 20 febrero",17°/12°,Parcialmente nublado,21Km/h
Palma,2025-02-12,https://www.tiempo3.com/europe/spain/balearic-islands/palma?page=14,"Viernes, 21 febrero",17°/12°,Lluvia moderada a intervalos,4Km/h
Palma,2025-02-12,https://www.tiempo3.com/europe/spain/balearic-islands/palma?page=14,"Sábado, 22 febrero",17°/11°,Lluvia moderada a intervalos,15Km/h
Palma,2025-02-12,https://www.tiempo3.com/europe/spain/balearic-islands/palma?page=14,"Domingo, 23 febrero",16°/12°,Lluvia moderada a intervalos,11Km/h
Palma,2025-02-12,https://www.tiempo3.com/europe/spain/balearic-islands/palma?page=14,"Lunes, 24 febrero",16°/11°,Lluvia moderada a intervalos,6Km/h
Palma,2025-02-12,https://www.tiempo3.com/europe/spain/balearic-islands/palma?page=14,"Martes, 25 febrero",17°/11°,Cielo cubierto,9Km/h
Ibiza,2025-02-12,https://www.tiempo3.com/europe/spain/balearic-islands/ibiza?page=14,"Miércoles, 12 febrero",16°/13°,Lluvia moderada a intervalos,11Km/h
Ibiza,2025-02-12,https://www.tiempo3.com/europe/spain/balearic-islands/ibiza?page=14,"Jueves, 13 febrero",15°/12°,Ligeras precipitaciones,5Km/h
Ibiza,2025-02-12,https://www.tiempo3.com/europe/spain/balearic-islands/ibiza?page=14,"Viernes, 14 febrero",16°/13°,Despejado,5Km/h
Ibiza,2025-02-12,https://www.tiempo3.com/europe/spain/balearic-islands/ibiza?page=14,"Sábado, 15 febrero",16°/14°,Soleado,15Km/h
Ibiza,2025-02-12,https://www.tiempo3.com/europe/spain/balearic-islands/ibiza?page=14,"Domingo, 16 febrero",16°/13°,Parcialmente nublado,8Km/h
Ibiza,2025-02-12,https://www.tiempo3.com/europe/spain/balearic-islands/ibiza?page=14,"Lunes, 17 febrero",16°/13°,Despejado,12Km/h
Ibiza,2025-02-12,https://www.tiempo3.com/europe/spain/balearic-islands/ibiza?page=14,"Martes, 18 febrero",16°/14°,Despejado,30Km/h
Ibiza,2025-02-12,https://www.tiempo3.com/europe/spain/balearic-islands/ibiza?page=14,"Miércoles, 19 febrero",16°/14°,Parcialmente nublado,28Km/h
Ibiza,2025-02-12,https://www.tiempo3.com/europe/spain/balearic-islands/ibiza?page=14,"Jueves, 20 febrero",15°/14°,Nublado,32Km/h
Ibiza,2025-02-12,https://www.tiempo3.com/europe/spain/balearic-islands/ibiza?page=14,"Viernes, 21 febrero",16°/14°,Lluvia moderada a intervalos,14Km/h
Ibiza,2025-02-12,https://www.tiempo3.com/europe/spain/balearic-islands/ibiza?page=14,"Sábado, 22 febrero",16°/14°,Ligeras precipitaciones,15Km/h
Ibiza,2025-02-12,https://www.tiempo3.com/europe/spain/balearic-islands/ibiza?page=14,"Domingo, 23 febrero",16°/13°,Parcialmente nublado,9Km/h
Ibiza,2025-02-12,https://www.tiempo3.com/europe/spain/balearic-islands/ibiza?page=14,"Lunes, 24 febrero",16°/13°,Parcialmente nublado,16Km/h
Ibiza,2025-02-12,https://www.tiempo3.com/europe/spain/balearic-islands/ibiza?page=14,"Martes, 25 febrero",16°/14°,Parcialmente nublado,6Km/h
León,2025-02-12,https://www.tiempo3.com/europe/spain/castilla-y-leon/leon?page=14,"Miércoles, 12 febrero",11°/3°,Parcialmente nublado,10Km/h
León,2025-02-12,https://www.tiempo3.com/europe/spain/castilla-y-leon/leon?page=14,"Jueves, 13 febrero",9°/2°,Lluvia moderada a intervalos,3Km/h
León,2025-02-12,https://www.tiempo3.com/europe/spain/castilla-y-leon/leon?page=14,"Viernes, 14 febrero",12°/4°,Neblina,5Km/h
León,2025-02-12,https://www.tiempo3.com/europe/spain/castilla-y-leon/leon?page=14,"Sábado, 15 febrero",12°/4°,Lluvia moderada a intervalos,6Km/h
León,2025-02-12,https://www.tiempo3.com/europe/spain/castilla-y-leon/leon?page=14,"Domingo, 16 febrero",13°/3°,Despejado,4Km/h
León,2025-02-12,https://www.tiempo3.com/europe/spain/castilla-y-leon/leon?page=14,"Lunes, 17 febrero",13°/3°,Lluvia moderada a intervalos,7Km/h
León,2025-02-12,https://www.tiempo3.com/europe/spain/castilla-y-leon/leon?page=14,"Martes, 18 febrero",15°/5°,Soleado,11Km/h
León,2025-02-12,https://www.tiempo3.com/europe/spain/castilla-y-leon/leon?page=14,"Miércoles, 19 febrero",13°/7°,Parcialmente nublado,5Km/h
León,2025-02-12,https://www.tiempo3.com/europe/spain/castilla-y-leon/leon?page=14,"Jueves, 20 febrero",14°/7°,Parcialmente nublado,5Km/h
León,2025-02-12,https://www.tiempo3.com/europe/spain/castilla-y-leon/leon?page=14,"Viernes, 21 febrero",11°/7°,Llovizna,14Km/h
León,2025-02-12,https://www.tiempo3.com/europe/spain/castilla-y-leon/leon?page=14,"Sábado, 22 febrero",10°/7°,Llovizna,5Km/h
León,2025-02-12,https://www.tiempo3.com/europe/spain/castilla-y-leon/leon?page=14,"Domingo, 23 febrero",11°/4°,Lluvia moderada a intervalos,23Km/h
León,2025-02-12,https://www.tiempo3.com/europe/spain/castilla-y-leon/leon?page=14,"Lunes, 24 febrero",10°/5°,Ligeras precipitaciones,13Km/h
León,2025-02-12,https://www.tiempo3.com/europe/spain/castilla-y-leon/leon?page=14,"Martes, 25 febrero",9°/2°,Ligeras precipitaciones,8Km/h
Valladolid,2025-02-12,https://www.tiempo3.com/europe/spain/castilla-y-leon/valladolid?page=14,"Miércoles, 12 febrero",11°/5°,Parcialmente nublado,8Km/h
Valladolid,2025-02-12,https://www.tiempo3.com/europe/spain/castilla-y-leon/valladolid?page=14,"Jueves, 13 febrero",11°/3°,Cielo cubierto,6Km/h
Valladolid,2025-02-12,https://www.tiempo3.com/europe/spain/castilla-y-leon/valladolid?page=14,"Viernes, 14 febrero",15°/7°,Parcialmente nublado,1Km/h
Valladolid,2025-02-12,https://www.tiempo3.com/europe/spain/castilla-y-leon/valladolid?page=14,"Sábado, 15 febrero",15°/6°,Parcialmente nublado,6Km/h
Valladolid,2025-02-12,https://www.tiempo3.com/europe/spain/castilla-y-leon/valladolid?page=14,"Domingo, 16 febrero",15°/5°,Despejado,4Km/h
Valladolid,2025-02-12,https://www.tiempo3.com/europe/spain/castilla-y-leon/valladolid?page=14,"Lunes, 17 febrero",16°/5°,Despejado,6Km/h
Valladolid,2025-02-12,https://www.tiempo3.com/europe/spain/castilla-y-leon/valladolid?page=14,"Martes, 18 febrero",17°/7°,Nublado,13Km/h
Valladolid,2025-02-12,https://www.tiempo3.com/europe/spain/castilla-y-leon/valladolid?page=14,"Miércoles, 19 febrero",14°/8°,Parcialmente nublado,12Km/h
Valladolid,2025-02-12,https://www.tiempo3.com/europe/spain/castilla-y-leon/valladolid?page=14,"Jueves, 20 febrero",16°/7°,Parcialmente nublado,5Km/h
Valladolid,2025-02-12,https://www.tiempo3.com/europe/spain/castilla-y-leon/valladolid?page=14,"Viernes, 21 febrero",15°/8°,Parcialmente nublado,27Km/h
Valladolid,2025-02-12,https://www.tiempo3.com/europe/spain/castilla-y-leon/valladolid?page=14,"Sábado, 22 febrero",9°/8°,Llovizna,5Km/h
Valladolid,2025-02-12,https://www.tiempo3.com/europe/spain/castilla-y-leon/valladolid?page=14,"Domingo, 23 febrero",13°/5°,Parcialmente nublado,19Km/h
Valladolid,2025-02-12,https://www.tiempo3.com/europe/spain/castilla-y-leon/valladolid?page=14,"Lunes, 24 febrero",11°/6°,Ligeras precipitaciones,13Km/h
Valladolid,2025-02-12,https://www.tiempo3.com/europe/spain/castilla-y-leon/valladolid?page=14,"Martes, 25 febrero",10°/4°,Intervalos de lluvias ligeras con tomenta en la región,6Km/h
Tenerife,2025-02-12,https://www.tiempo3.com/europe/spain/canary-islands/tenerife?page=14,"Miércoles, 12 febrero",19°/17°,Despejado,23Km/h
Tenerife,2025-02-12,https://www.tiempo3.com/europe/spain/canary-islands/tenerife?page=14,"Jueves, 13 febrero",19°/17°,Soleado,25Km/h
Tenerife,2025-02-12,https://www.tiempo3.com/europe/spain/canary-islands/tenerife?page=14,"Viernes, 14 febrero",18°/17°,Despejado,11Km/h
Tenerife,2025-02-12,https://www.tiempo3.com/europe/spain/canary-islands/tenerife?page=14,"Sábado, 15 febrero",18°/17°,Soleado,9Km/h
Tenerife,2025-02-12,https://www.tiempo3.com/europe/spain/canary-islands/tenerife?page=14,"Domingo, 16 febrero",18°/17°,Despejado,24Km/h
Tenerife,2025-02-12,https://www.tiempo3.com/europe/spain/canary-islands/tenerife?page=14,"Lunes, 17 febrero",18°/16°,Despejado,31Km/h
Tenerife,2025-02-12,https://www.tiempo3.com/europe/spain/canary-islands/tenerife?page=14,"Martes, 18 febrero",18°/18°,Lluvia moderada a intervalos,5Km/h
Tenerife,2025-02-12,https://www.tiempo3.com/europe/spain/canary-islands/tenerife?page=14,"Miércoles, 19 febrero",18°/16°,Lluvia moderada a intervalos,15Km/h
Tenerife,2025-02-12,https://www.tiempo3.com/europe/spain/canary-islands/tenerife?page=14,"Jueves, 20 febrero",18°/16°,Despejado,16Km/h
Tenerife,2025-02-12,https://www.tiempo3.com/europe/spain/canary-islands/tenerife?page=14,"Viernes, 21 febrero",18°/17°,Despejado,15Km/h
Tenerife,2025-02-12,https://www.tiempo3.com/europe/spain/canary-islands/tenerife?page=14,"Sábado, 22 febrero",18°/17°,Lluvia moderada a intervalos,25Km/h
Tenerife,2025-02-12,https://www.tiempo3.com/europe/spain/canary-islands/tenerife?page=14,"Domingo, 23 febrero",18°/17°,Soleado,4Km/h
Tenerife,2025-02-12,https://www.tiempo3.com/europe/spain/canary-islands/tenerife?page=14,"Lunes, 24 febrero",18°/16°,Parcialmente nublado,10Km/h
Tenerife,2025-02-12,https://www.tiempo3.com/europe/spain/canary-islands/tenerife?page=14,"Martes, 25 febrero",19°/17°,Lluvia moderada a intervalos,6Km/h
Las Palmas,2025-02-12,https://www.tiempo3.com/europe/spain/canary-islands/las-palmas?page=14,"Miércoles, 12 febrero",18°/16°,Parcialmente nublado,18Km/h
Las Palmas,2025-02-12,https://www.tiempo3.com/europe/spain/canary-islands/las-palmas?page=14,"Jueves, 13 febrero",18°/15°,Parcialmente nublado,15Km/h
Las Palmas,2025-02-12,https://www.tiempo3.com/europe/spain/canary-islands/las-palmas?page=14,"Viernes, 14 febrero",19°/14°,Parcialmente nublado,12Km/h
Las Palmas,2025-02-12,https://www.tiempo3.com/europe/spain/canary-islands/las-palmas?page=14,"Sábado, 15 febrero",19°/15°,Parcialmente nublado,25Km/h
Las Palmas,2025-02-12,https://www.tiempo3.com/europe/spain/canary-islands/las-palmas?page=14,"Domingo, 16 febrero",18°/15°,Lluvia moderada a intervalos,19Km/h
Las Palmas,2025-02-12,https://www.tiempo3.com/europe/spain/canary-islands/las-palmas?page=14,"Lunes, 17 febrero",18°/14°,Despejado,3Km/h
Las Palmas,2025-02-12,https://www.tiempo3.com/europe/spain/canary-islands/las-palmas?page=14,"Martes, 18 febrero",18°/16°,Lluvia moderada a intervalos,33Km/h
Las Palmas,2025-02-12,https://www.tiempo3.com/europe/spain/canary-islands/las-palmas?page=14,"Miércoles, 19 febrero",18°/15°,Lluvia moderada a intervalos,19Km/h
Las Palmas,2025-02-12,https://www.tiempo3.com/europe/spain/canary-islands/las-palmas?page=14,"Jueves, 20 febrero",18°/15°,Lluvia moderada a intervalos,21Km/h
Las Palmas,2025-02-12,https://www.tiempo3.com/europe/spain/canary-islands/las-palmas?page=14,"Viernes, 21 febrero",19°/15°,Lluvia moderada a intervalos,22Km/h
Las Palmas,2025-02-12,https://www.tiempo3.com/europe/spain/canary-islands/las-palmas?page=14,"Sábado, 22 febrero",18°/16°,Lluvia moderada a intervalos,15Km/h
Las Palmas,2025-02-12,https://www.tiempo3.com/europe/spain/canary-islands/las-palmas?page=14,"Domingo, 23 febrero",18°/15°,Despejado,11Km/h
Las Palmas,2025-02-12,https://www.tiempo3.com/europe/spain/canary-islands/las-palmas?page=14,"Lunes, 24 febrero",18°/14°,Cielo cubierto,14Km/h
Las Palmas,2025-02-12,https://www.tiempo3.com/europe/spain/canary-islands/las-palmas?page=14,"Martes, 25 febrero",18°/16°,Ligeras precipitaciones,37Km/h
Valencia,2025-02-12,https://www.tiempo3.com/europe/spain/comunidad-valenciana/valencia?page=14,"Miércoles, 12 febrero",19°/10°,Llovizna a intervalos,5Km/h
Valencia,2025-02-12,https://www.tiempo3.com/europe/spain/comunidad-valenciana/valencia?page=14,"Jueves, 13 febrero",16°/9°,Despejado,3Km/h
Valencia,2025-02-12,https://www.tiempo3.com/europe/spain/comunidad-valenciana/valencia?page=14,"Viernes, 14 febrero",19°/11°,Despejado,7Km/h
Valencia,2025-02-12,https://www.tiempo3.com/europe/spain/comunidad-valenciana/valencia?page=14,"Sábado, 15 febrero",16°/11°,Soleado,9Km/h
Valencia,2025-02-12,https://www.tiempo3.com/europe/spain/comunidad-valenciana/valencia?page=14,"Domingo, 16 febrero",16°/10°,Nublado,5Km/h
Valencia,2025-02-12,https://www.tiempo3.com/europe/spain/comunidad-valenciana/valencia?page=14,"Lunes, 17 febrero",16°/10°,Despejado,10Km/h
Valencia,2025-02-12,https://www.tiempo3.com/europe/spain/comunidad-valenciana/valencia?page=14,"Martes, 18 febrero",16°/11°,Parcialmente nublado,18Km/h
Valencia,2025-02-12,https://www.tiempo3.com/europe/spain/comunidad-valenciana/valencia?page=14,"Miércoles, 19 febrero",15°/12°,Lluvia moderada a intervalos,21Km/h
Valencia,2025-02-12,https://www.tiempo3.com/europe/spain/comunidad-valenciana/valencia?page=14,"Jueves, 20 febrero",15°/13°,Lluvia moderada a intervalos,35Km/h
Valencia,2025-02-12,https://www.tiempo3.com/europe/spain/comunidad-valenciana/valencia?page=14,"Viernes, 21 febrero",15°/13°,Lluvia moderada a intervalos,16Km/h
Valencia,2025-02-12,https://www.tiempo3.com/europe/spain/comunidad-valenciana/valencia?page=14,"Sábado, 22 febrero",15°/12°,Ligeras precipitaciones,9Km/h
Valencia,2025-02-12,https://www.tiempo3.com/europe/spain/comunidad-valenciana/valencia?page=14,"Domingo, 23 febrero",16°/12°,Lluvia moderada a intervalos,7Km/h
Valencia,2025-02-12,https://www.tiempo3.com/europe/spain/comunidad-valenciana/valencia?page=14,"Lunes, 24 febrero",16°/11°,Parcialmente nublado,10Km/h
Valencia,2025-02-12,https://www.tiempo3.com/europe/spain/comunidad-valenciana/valencia?page=14,"Martes, 25 febrero",16°/11°,Nublado,8Km/h
Aviles,2025-02-12,https://www.tiempo3.com/europe/spain/asturias/aviles?page=14,"Miércoles, 12 febrero",14°/7°,Lluvia moderada a intervalos,5Km/h
Aviles,2025-02-12,https://www.tiempo3.com/europe/spain/asturias/aviles?page=14,"Jueves, 13 febrero",15°/7°,Ligeras lluvias,4Km/h
Aviles,2025-02-12,https://www.tiempo3.com/europe/spain/asturias/aviles?page=14,"Viernes, 14 febrero",17°/10°,Nublado,6Km/h
Aviles,2025-02-12,https://www.tiempo3.com/europe/spain/asturias/aviles?page=14,"Sábado, 15 febrero",18°/9°,Despejado,6Km/h
Aviles,2025-02-12,https://www.tiempo3.com/europe/spain/asturias/aviles?page=14,"Domingo, 16 febrero",16°/8°,Despejado,6Km/h
Aviles,2025-02-12,https://www.tiempo3.com/europe/spain/asturias/aviles?page=14,"Lunes, 17 febrero",17°/9°,Despejado,8Km/h
Aviles,2025-02-12,https://www.tiempo3.com/europe/spain/asturias/aviles?page=14,"Martes, 18 febrero",19°/11°,Cielo cubierto,8Km/h
Aviles,2025-02-12,https://www.tiempo3.com/europe/spain/asturias/aviles?page=14,"Miércoles, 19 febrero",19°/11°,Cielo cubierto,8Km/h
Aviles,2025-02-12,https://www.tiempo3.com/europe/spain/asturias/aviles?page=14,"Jueves, 20 febrero",18°/10°,Despejado,7Km/h
Aviles,2025-02-12,https://www.tiempo3.com/europe/spain/asturias/aviles?page=14,"Viernes, 21 febrero",18°/10°,Soleado,10Km/h
Aviles,2025-02-12,https://www.tiempo3.com/europe/spain/asturias/aviles?page=14,"Sábado, 22 febrero",12°/10°,Llovizna a intervalos,6Km/h
Aviles,2025-02-12,https://www.tiempo3.com/europe/spain/asturias/aviles?page=14,"Domingo, 23 febrero",17°/8°,Neblina,10Km/h
Aviles,2025-02-12,https://www.tiempo3.com/europe/spain/asturias/aviles?page=14,"Lunes, 24 febrero",14°/9°,Periodos de lluvia moderada,4Km/h
Aviles,2025-02-12,https://www.tiempo3.com/europe/spain/asturias/aviles?page=14,"Martes, 25 febrero",13°/6°,Ligeras precipitaciones,4Km/h
Granada,2025-02-12,https://www.tiempo3.com/europe/spain/andalucia/granada?page=14,"Miércoles, 12 febrero",11°/4°,Lluvia moderada a intervalos,8Km/h
Granada,2025-02-12,https://www.tiempo3.com/europe/spain/andalucia/granada?page=14,"Jueves, 13 febrero",13°/2°,Despejado,1Km/h
Granada,2025-02-12,https://www.tiempo3.com/europe/spain/andalucia/granada?page=14,"Viernes, 14 febrero",17°/4°,Cielo cubierto,0Km/h
Granada,2025-02-12,https://www.tiempo3.com/europe/spain/andalucia/granada?page=14,"Sábado, 15 febrero",18°/5°,Parcialmente nublado,4Km/h
Granada,2025-02-12,https://www.tiempo3.com/europe/spain/andalucia/granada?page=14,"Domingo, 16 febrero",17°/7°,Cielo cubierto,5Km/h
Granada,2025-02-12,https://www.tiempo3.com/europe/spain/andalucia/granada?page=14,"Lunes, 17 febrero",17°/5°,Soleado,8Km/h
Granada,2025-02-12,https://www.tiempo3.com/europe/spain/andalucia/granada?page=14,"Martes, 18 febrero",16°/6°,Cielo cubierto,13Km/h
Granada,2025-02-12,https://www.tiempo3.com/europe/spain/andalucia/granada?page=14,"Miércoles, 19 febrero",13°/7°,Ligeras lluvias,10Km/h
Granada,2025-02-12,https://www.tiempo3.com/europe/spain/andalucia/granada?page=14,"Jueves, 20 febrero",9°/5°,Ligeras lluvias,8Km/h
Granada,2025-02-12,https://www.tiempo3.com/europe/spain/andalucia/granada?page=14,"Viernes, 21 febrero",13°/2°,Lluvia moderada a intervalos,8Km/h
Granada,2025-02-12,https://www.tiempo3.com/europe/spain/andalucia/granada?page=14,"Sábado, 22 febrero",9°/4°,Ligeras lluvias,7Km/h
Granada,2025-02-12,https://www.tiempo3.com/europe/spain/andalucia/granada?page=14,"Domingo, 23 febrero",13°/2°,Parcialmente nublado,6Km/h
Granada,2025-02-12,https://www.tiempo3.com/europe/spain/andalucia/granada?page=14,"Lunes, 24 febrero",15°/6°,Despejado,9Km/h
Granada,2025-02-12,https://www.tiempo3.com/europe/spain/andalucia/granada?page=14,"Martes, 25 febrero",10°/6°,Ligeras lluvias,2Km/h
Santiago de Compostela,2025-02-12,https://www.tiempo3.com/europe/spain/galicia/santiago-de-compostela?page=14,"Miércoles, 12 febrero",12°/6°,Lluvia moderada a intervalos,5Km/h
Santiago de Compostela,2025-02-12,https://www.tiempo3.com/europe/spain/galicia/santiago-de-compostela?page=14,"Jueves, 13 febrero",11°/9°,Llovizna,7Km/h
Santiago de Compostela,2025-02-12,https://www.tiempo3.com/europe/spain/galicia/santiago-de-compostela?page=14,"Viernes, 14 febrero",15°/9°,Niebla moderada,5Km/h
Santiago de Compostela,2025-02-12,https://www.tiempo3.com/europe/spain/galicia/santiago-de-compostela?page=14,"Sábado, 15 febrero",16°/7°,Neblina,5Km/h
Santiago de Compostela,2025-02-12,https://www.tiempo3.com/europe/spain/galicia/santiago-de-compostela?page=14,"Domingo, 16 febrero",16°/7°,Nublado,5Km/h
Santiago de Compostela,2025-02-12,https://www.tiempo3.com/europe/spain/galicia/santiago-de-compostela?page=14,"Lunes, 17 febrero",15°/7°,Niebla moderada,5Km/h
Santiago de Compostela,2025-02-12,https://www.tiempo3.com/europe/spain/galicia/santiago-de-compostela?page=14,"Martes, 18 febrero",18°/9°,Soleado,4Km/h
Santiago de Compostela,2025-02-12,https://www.tiempo3.com/europe/spain/galicia/santiago-de-compostela?page=14,"Miércoles, 19 febrero",19°/9°,Parcialmente nublado,2Km/h
Santiago de Compostela,2025-02-12,https://www.tiempo3.com/europe/spain/galicia/santiago-de-compostela?page=14,"Jueves, 20 febrero",17°/8°,Neblina,4Km/h
Santiago de Compostela,2025-02-12,https://www.tiempo3.com/europe/spain/galicia/santiago-de-compostela?page=14,"Viernes, 21 febrero",13°/8°,Lluvia moderada a intervalos,10Km/h
Santiago de Compostela,2025-02-12,https://www.tiempo3.com/europe/spain/galicia/santiago-de-compostela?page=14,"Sábado, 22 febrero",13°/7°,Ligeras precipitaciones,3Km/h
Santiago de Compostela,2025-02-12,https://www.tiempo3.com/europe/spain/galicia/santiago-de-compostela?page=14,"Domingo, 23 febrero",11°/6°,Niebla moderada,15Km/h
Santiago de Compostela,2025-02-12,https://www.tiempo3.com/europe/spain/galicia/santiago-de-compostela?page=14,"Lunes, 24 febrero",11°/6°,Ligeras precipitaciones,7Km/h
Santiago de Compostela,2025-02-12,https://www.tiempo3.com/europe/spain/galicia/santiago-de-compostela?page=14,"Martes, 25 febrero",10°/4°,Lluvia moderada a intervalos,2Km/h
Zaragoza,2025-02-12,https://www.tiempo3.com/europe/spain/aragon/zaragoza?page=14,"Miércoles, 12 febrero",10°/7°,Llovizna,24Km/h
Zaragoza,2025-02-12,https://www.tiempo3.com/europe/spain/aragon/zaragoza?page=14,"Jueves, 13 febrero",15°/5°,Soleado,10Km/h
Zaragoza,2025-02-12,https://www.tiempo3.com/europe/spain/aragon/zaragoza?page=14,"Viernes, 14 febrero",18°/8°,Despejado,7Km/h
Zaragoza,2025-02-12,https://www.tiempo3.com/europe/spain/aragon/zaragoza?page=14,"Sábado, 15 febrero",16°/8°,Despejado,10Km/h
Zaragoza,2025-02-12,https://www.tiempo3.com/europe/spain/aragon/zaragoza?page=14,"Domingo, 16 febrero",17°/6°,Parcialmente nublado,4Km/h
Zaragoza,2025-02-12,https://www.tiempo3.com/europe/spain/aragon/zaragoza?page=14,"Lunes, 17 febrero",19°/7°,Despejado,10Km/h
Zaragoza,2025-02-12,https://www.tiempo3.com/europe/spain/aragon/zaragoza?page=14,"Martes, 18 febrero",17°/7°,Parcialmente nublado,26Km/h
Zaragoza,2025-02-12,https://www.tiempo3.com/europe/spain/aragon/zaragoza?page=14,"Miércoles, 19 febrero",16°/8°,Parcialmente nublado,18Km/h
Zaragoza,2025-02-12,https://www.tiempo3.com/europe/spain/aragon/zaragoza?page=14,"Jueves, 20 febrero",14°/7°,Nublado,10Km/h
Zaragoza,2025-02-12,https://www.tiempo3.com/europe/spain/aragon/zaragoza?page=14,"Viernes, 21 febrero",13°/6°,Lluvia moderada a intervalos,23Km/h
Zaragoza,2025-02-12,https://www.tiempo3.com/europe/spain/aragon/zaragoza?page=14,"Sábado, 22 febrero",15°/10°,Ligeras precipitaciones,9Km/h
Zaragoza,2025-02-12,https://www.tiempo3.com/europe/spain/aragon/zaragoza?page=14,"Domingo, 23 febrero",17°/9°,Despejado,15Km/h
Zaragoza,2025-02-12,https://www.tiempo3.com/europe/spain/aragon/zaragoza?page=14,"Lunes, 24 febrero",13°/10°,Llovizna,10Km/h
Zaragoza,2025-02-12,https://www.tiempo3.com/europe/spain/aragon/zaragoza?page=14,"Martes, 25 febrero",14°/9°,Ligeras precipitaciones,7Km/h
Sevilla,2025-02-12,https://www.tiempo3.com/europe/spain/andalucia/seville?page=14,"Miércoles, 12 febrero",18°/10°,Parcialmente nublado,11Km/h
Sevilla,2025-02-12,https://www.tiempo3.com/europe/spain/andalucia/seville?page=14,"Jueves, 13 febrero",18°/8°,Despejado,4Km/h
Sevilla,2025-02-12,https://www.tiempo3.com/europe/spain/andalucia/seville?page=14,"Viernes, 14 febrero",19°/8°,Cielo cubierto,2Km/h
Sevilla,2025-02-12,https://www.tiempo3.com/europe/spain/andalucia/seville?page=14,"Sábado, 15 febrero",19°/9°,Cielo cubierto,3Km/h
Sevilla,2025-02-12,https://www.tiempo3.com/europe/spain/andalucia/seville?page=14,"Domingo, 16 febrero",20°/10°,Despejado,6Km/h
Sevilla,2025-02-12,https://www.tiempo3.com/europe/spain/andalucia/seville?page=14,"Lunes, 17 febrero",22°/9°,Parcialmente nublado,9Km/h
Sevilla,2025-02-12,https://www.tiempo3.com/europe/spain/andalucia/seville?page=14,"Martes, 18 febrero",21°/11°,Parcialmente nublado,10Km/h
Sevilla,2025-02-12,https://www.tiempo3.com/europe/spain/andalucia/seville?page=14,"Miércoles, 19 febrero",16°/12°,Ligeras precipitaciones,8Km/h
Sevilla,2025-02-12,https://www.tiempo3.com/europe/spain/andalucia/seville?page=14,"Jueves, 20 febrero",19°/11°,Lluvia moderada a intervalos,6Km/h
Sevilla,2025-02-12,https://www.tiempo3.com/europe/spain/andalucia/seville?page=14,"Viernes, 21 febrero",17°/9°,Ligeras precipitaciones,15Km/h
Sevilla,2025-02-12,https://www.tiempo3.com/europe/spain/andalucia/seville?page=14,"Sábado, 22 febrero",16°/9°,Ligeras precipitaciones,15Km/h
Sevilla,2025-02-12,https://www.tiempo3.com/europe/spain/andalucia/seville?page=14,"Domingo, 23 febrero",15°/10°,Lluvia moderada a intervalos,10Km/h
Sevilla,2025-02-12,https://www.tiempo3.com/europe/spain/andalucia/seville?page=14,"Lunes, 24 febrero",17°/10°,Lluvia moderada a intervalos,19Km/h
Sevilla,2025-02-12,https://www.tiempo3.com/europe/spain/andalucia/seville?page=14,"Martes, 25 febrero",17°/9°,Lluvia moderada a intervalos,4Km/h
Lanzarote,2025-02-12,https://www.tiempo3.com/europe/spain/canary-islands/lanzarote?page=14,"Miércoles, 12 febrero",22°/14°,Parcialmente nublado,26Km/h
Lanzarote,2025-02-12,https://www.tiempo3.com/europe/spain/canary-islands/lanzarote?page=14,"Jueves, 13 febrero",22°/14°,Despejado,21Km/h
Lanzarote,2025-02-12,https://www.tiempo3.com/europe/spain/canary-islands/lanzarote?page=14,"Viernes, 14 febrero",22°/13°,Despejado,17Km/h
Lanzarote,2025-02-12,https://www.tiempo3.com/europe/spain/canary-islands/lanzarote?page=14,"Sábado, 15 febrero",21°/14°,Cielo cubierto,19Km/h
Lanzarote,2025-02-12,https://www.tiempo3.com/europe/spain/canary-islands/lanzarote?page=14,"Domingo, 16 febrero",21°/14°,Lluvia moderada a intervalos,27Km/h
Lanzarote,2025-02-12,https://www.tiempo3.com/europe/spain/canary-islands/lanzarote?page=14,"Lunes, 17 febrero",21°/13°,Despejado,14Km/h
Lanzarote,2025-02-12,https://www.tiempo3.com/europe/spain/canary-islands/lanzarote?page=14,"Martes, 18 febrero",20°/15°,Ligeras lluvias,31Km/h
Lanzarote,2025-02-12,https://www.tiempo3.com/europe/spain/canary-islands/lanzarote?page=14,"Miércoles, 19 febrero",20°/14°,Lluvia moderada a intervalos,23Km/h
Lanzarote,2025-02-12,https://www.tiempo3.com/europe/spain/canary-islands/lanzarote?page=14,"Jueves, 20 febrero",20°/14°,Lluvia moderada a intervalos,24Km/h
Lanzarote,2025-02-12,https://www.tiempo3.com/europe/spain/canary-islands/lanzarote?page=14,"Viernes, 21 febrero",21°/14°,Parcialmente nublado,18Km/h
Lanzarote,2025-02-12,https://www.tiempo3.com/europe/spain/canary-islands/lanzarote?page=14,"Sábado, 22 febrero",21°/15°,Lluvia moderada a intervalos,23Km/h
Lanzarote,2025-02-12,https://www.tiempo3.com/europe/spain/canary-islands/lanzarote?page=14,"Domingo, 23 febrero",20°/14°,Parcialmente nublado,15Km/h
Lanzarote,2025-02-12,https://www.tiempo3.com/europe/spain/canary-islands/lanzarote?page=14,"Lunes, 24 febrero",20°/13°,Despejado,10Km/h
Lanzarote,2025-02-12,https://www.tiempo3.com/europe/spain/canary-islands/lanzarote?page=14,"Martes, 25 febrero",21°/14°,Lluvia moderada a intervalos,37Km/h
Barcelona,2025-02-12,https://www.tiempo3.com/europe/spain/catalonia/barcelona?page=14,"Miércoles, 12 febrero",14°/10°,Lluvia moderada a intervalos,6Km/h
Barcelona,2025-02-12,https://www.tiempo3.com/europe/spain/catalonia/barcelona?page=14,"Jueves, 13 febrero",15°/12°,Parcialmente nublado,9Km/h
Barcelona,2025-02-12,https://www.tiempo3.com/europe/spain/catalonia/barcelona?page=14,"Viernes, 14 febrero",14°/11°,Cielo cubierto,1Km/h
Barcelona,2025-02-12,https://www.tiempo3.com/europe/spain/catalonia/barcelona?page=14,"Sábado, 15 febrero",13°/11°,Lluvia moderada a intervalos,8Km/h
Barcelona,2025-02-12,https://www.tiempo3.com/europe/spain/catalonia/barcelona?page=14,"Domingo, 16 febrero",15°/11°,Parcialmente nublado,9Km/h
Barcelona,2025-02-12,https://www.tiempo3.com/europe/spain/catalonia/barcelona?page=14,"Lunes, 17 febrero",16°/11°,Despejado,6Km/h
Barcelona,2025-02-12,https://www.tiempo3.com/europe/spain/catalonia/barcelona?page=14,"Martes, 18 febrero",15°/11°,Soleado,9Km/h
Barcelona,2025-02-12,https://www.tiempo3.com/europe/spain/catalonia/barcelona?page=14,"Miércoles, 19 febrero",14°/11°,Lluvia moderada a intervalos,16Km/h
Barcelona,2025-02-12,https://www.tiempo3.com/europe/spain/catalonia/barcelona?page=14,"Jueves, 20 febrero",15°/11°,Parcialmente nublado,22Km/h
Barcelona,2025-02-12,https://www.tiempo3.com/europe/spain/catalonia/barcelona?page=14,"Viernes, 21 febrero",14°/12°,Lluvia moderada a intervalos,23Km/h
Barcelona,2025-02-12,https://www.tiempo3.com/europe/spain/catalonia/barcelona?page=14,"Sábado, 22 febrero",15°/13°,Ligeras precipitaciones,14Km/h
Barcelona,2025-02-12,https://www.tiempo3.com/europe/spain/catalonia/barcelona?page=14,"Domingo, 23 febrero",13°/13°,Llovizna,13Km/h
Barcelona,2025-02-12,https://www.tiempo3.com/europe/spain/catalonia/barcelona?page=14,"Lunes, 24 febrero",15°/12°,Parcialmente nublado,7Km/h
Barcelona,2025-02-12,https://www.tiempo3.com/europe/spain/catalonia/barcelona?page=14,"Martes, 25 febrero",15°/13°,Llovizna a intervalos,6Km/h
Logroño,2025-02-12,https://www.tiempo3.com/europe/spain/la-rioja/logrono?page=14,"Miércoles, 12 febrero",10°/4°,Llovizna,5Km/h
Logroño,2025-02-12,https://www.tiempo3.com/europe/spain/la-rioja/logrono?page=14,"Jueves, 13 febrero",15°/2°,Cielo cubierto,10Km/h
Logroño,2025-02-12,https://www.tiempo3.com/europe/spain/la-rioja/logrono?page=14,"Viernes, 14 febrero",17°/6°,Parcialmente nublado,3Km/h
Logroño,2025-02-12,https://www.tiempo3.com/europe/spain/la-rioja/logrono?page=14,"Sábado, 15 febrero",15°/5°,Nublado,8Km/h
Logroño,2025-02-12,https://www.tiempo3.com/europe/spain/la-rioja/logrono?page=14,"Domingo, 16 febrero",16°/6°,Despejado,3Km/h
Logroño,2025-02-12,https://www.tiempo3.com/europe/spain/la-rioja/logrono?page=14,"Lunes, 17 febrero",16°/4°,Parcialmente nublado,8Km/h
Logroño,2025-02-12,https://www.tiempo3.com/europe/spain/la-rioja/logrono?page=14,"Martes, 18 febrero",16°/4°,Nublado,19Km/h
Logroño,2025-02-12,https://www.tiempo3.com/europe/spain/la-rioja/logrono?page=14,"Miércoles, 19 febrero",15°/4°,Nublado,14Km/h
Logroño,2025-02-12,https://www.tiempo3.com/europe/spain/la-rioja/logrono?page=14,"Jueves, 20 febrero",16°/4°,Neblina,14Km/h
Logroño,2025-02-12,https://www.tiempo3.com/europe/spain/la-rioja/logrono?page=14,"Viernes, 21 febrero",16°/3°,Soleado,19Km/h
Logroño,2025-02-12,https://www.tiempo3.com/europe/spain/la-rioja/logrono?page=14,"Sábado, 22 febrero",14°/8°,Lluvia moderada a intervalos,6Km/h
Logroño,2025-02-12,https://www.tiempo3.com/europe/spain/la-rioja/logrono?page=14,"Domingo, 23 febrero",18°/6°,Nublado,6Km/h
Logroño,2025-02-12,https://www.tiempo3.com/europe/spain/la-rioja/logrono?page=14,"Lunes, 24 febrero",12°/8°,Llovizna,6Km/h
Logroño,2025-02-12,https://www.tiempo3.com/europe/spain/la-rioja/logrono?page=14,"Martes, 25 febrero",13°/7°,Ligeras precipitaciones,6Km/h
Badajoz,2025-02-12,https://www.tiempo3.com/europe/spain/extremadura/badajoz?page=14,"Miércoles, 12 febrero",15°/7°,Lluvia moderada a intervalos,10Km/h
Badajoz,2025-02-12,https://www.tiempo3.com/europe/spain/extremadura/badajoz?page=14,"Jueves, 13 febrero",16°/7°,Lluvia moderada a intervalos,4Km/h
Badajoz,2025-02-12,https://www.tiempo3.com/europe/spain/extremadura/badajoz?page=14,"Viernes, 14 febrero",18°/8°,Neblina,3Km/h
Badajoz,2025-02-12,https://www.tiempo3.com/europe/spain/extremadura/badajoz?page=14,"Sábado, 15 febrero",18°/8°,Despejado,5Km/h
Badajoz,2025-02-12,https://www.tiempo3.com/europe/spain/extremadura/badajoz?page=14,"Domingo, 16 febrero",18°/7°,Lluvia moderada a intervalos,4Km/h
Badajoz,2025-02-12,https://www.tiempo3.com/europe/spain/extremadura/badajoz?page=14,"Lunes, 17 febrero",19°/8°,Cielo cubierto,10Km/h
Badajoz,2025-02-12,https://www.tiempo3.com/europe/spain/extremadura/badajoz?page=14,"Martes, 18 febrero",19°/9°,Nublado,3Km/h
Badajoz,2025-02-12,https://www.tiempo3.com/europe/spain/extremadura/badajoz?page=14,"Miércoles, 19 febrero",15°/10°,Lluvia moderada a intervalos,9Km/h
Badajoz,2025-02-12,https://www.tiempo3.com/europe/spain/extremadura/badajoz?page=14,"Jueves, 20 febrero",17°/10°,Lluvia moderada a intervalos,9Km/h
Badajoz,2025-02-12,https://www.tiempo3.com/europe/spain/extremadura/badajoz?page=14,"Viernes, 21 febrero",16°/7°,Ligeras precipitaciones,20Km/h
Badajoz,2025-02-12,https://www.tiempo3.com/europe/spain/extremadura/badajoz?page=14,"Sábado, 22 febrero",11°/9°,Ligeras lluvias,12Km/h
Badajoz,2025-02-12,https://www.tiempo3.com/europe/spain/extremadura/badajoz?page=14,"Domingo, 23 febrero",13°/8°,Lluvia moderada a intervalos,11Km/h
Badajoz,2025-02-12,https://www.tiempo3.com/europe/spain/extremadura/badajoz?page=14,"Lunes, 24 febrero",13°/10°,Ligeras lluvias,10Km/h
Badajoz,2025-02-12,https://www.tiempo3.com/europe/spain/extremadura/badajoz?page=14,"Martes, 25 febrero",14°/7°,Ligeras precipitaciones,4Km/h
Castellon de la Plana,2025-02-12,https://www.tiempo3.com/europe/spain/comunidad-valenciana/castellon-de-la-plana?page=14,"Miércoles, 12 febrero",17°/10°,Intervalos de lluvias ligeras con tomenta en la región,10Km/h
Castellon de la Plana,2025-02-12,https://www.tiempo3.com/europe/spain/comunidad-valenciana/castellon-de-la-plana?page=14,"Jueves, 13 febrero",16°/9°,Despejado,8Km/h
Castellon de la Plana,2025-02-12,https://www.tiempo3.com/europe/spain/comunidad-valenciana/castellon-de-la-plana?page=14,"Viernes, 14 febrero",19°/11°,Despejado,1Km/h
Castellon de la Plana,2025-02-12,https://www.tiempo3.com/europe/spain/comunidad-valenciana/castellon-de-la-plana?page=14,"Sábado, 15 febrero",16°/11°,Parcialmente nublado,5Km/h
Castellon de la Plana,2025-02-12,https://www.tiempo3.com/europe/spain/comunidad-valenciana/castellon-de-la-plana?page=14,"Domingo, 16 febrero",17°/10°,Parcialmente nublado,4Km/h
Castellon de la Plana,2025-02-12,https://www.tiempo3.com/europe/spain/comunidad-valenciana/castellon-de-la-plana?page=14,"Lunes, 17 febrero",17°/10°,Despejado,4Km/h
Castellon de la Plana,2025-02-12,https://www.tiempo3.com/europe/spain/comunidad-valenciana/castellon-de-la-plana?page=14,"Martes, 18 febrero",16°/11°,Nublado,10Km/h
Castellon de la Plana,2025-02-12,https://www.tiempo3.com/europe/spain/comunidad-valenciana/castellon-de-la-plana?page=14,"Miércoles, 19 febrero",15°/11°,Lluvia moderada a intervalos,16Km/h
Castellon de la Plana,2025-02-12,https://www.tiempo3.com/europe/spain/comunidad-valenciana/castellon-de-la-plana?page=14,"Jueves, 20 febrero",14°/12°,Lluvia moderada a intervalos,19Km/h
Castellon de la Plana,2025-02-12,https://www.tiempo3.com/europe/spain/comunidad-valenciana/castellon-de-la-plana?page=14,"Viernes, 21 febrero",14°/12°,Ligeras precipitaciones,13Km/h
Castellon de la Plana,2025-02-12,https://www.tiempo3.com/europe/spain/comunidad-valenciana/castellon-de-la-plana?page=14,"Sábado, 22 febrero",15°/12°,Ligeras precipitaciones,7Km/h
Castellon de la Plana,2025-02-12,https://www.tiempo3.com/europe/spain/comunidad-valenciana/castellon-de-la-plana?page=14,"Domingo, 23 febrero",16°/12°,Lluvia moderada a intervalos,5Km/h
Castellon de la Plana,2025-02-12,https://www.tiempo3.com/europe/spain/comunidad-valenciana/castellon-de-la-plana?page=14,"Lunes, 24 febrero",16°/11°,Parcialmente nublado,7Km/h
Castellon de la Plana,2025-02-12,https://www.tiempo3.com/europe/spain/comunidad-valenciana/castellon-de-la-plana?page=14,"Martes, 25 febrero",16°/11°,Lluvia moderada a intervalos,5Km/h
Madrid,2025-02-12,https://www.tiempo3.com/europe/spain/madrid?page=14,"Miércoles, 12 febrero",13°/8°,Despejado,6Km/h
Madrid,2025-02-12,https://www.tiempo3.com/europe/spain/madrid?page=14,"Jueves, 13 febrero",13°/5°,Parcialmente nublado,7Km/h
Madrid,2025-02-12,https://www.tiempo3.com/europe/spain/madrid?page=14,"Viernes, 14 febrero",15°/6°,Parcialmente nublado,5Km/h
Madrid,2025-02-12,https://www.tiempo3.com/europe/spain/madrid?page=14,"Sábado, 15 febrero",16°/7°,Cielo cubierto,3Km/h
Madrid,2025-02-12,https://www.tiempo3.com/europe/spain/madrid?page=14,"Domingo, 16 febrero",17°/7°,Despejado,8Km/h
Madrid,2025-02-12,https://www.tiempo3.com/europe/spain/madrid?page=14,"Lunes, 17 febrero",17°/7°,Despejado,9Km/h
Madrid,2025-02-12,https://www.tiempo3.com/europe/spain/madrid?page=14,"Martes, 18 febrero",18°/9°,Despejado,20Km/h
Madrid,2025-02-12,https://www.tiempo3.com/europe/spain/madrid?page=14,"Miércoles, 19 febrero",13°/10°,Lluvia moderada a intervalos,8Km/h
Madrid,2025-02-12,https://www.tiempo3.com/europe/spain/madrid?page=14,"Jueves, 20 febrero",16°/10°,Cielo cubierto,4Km/h
Madrid,2025-02-12,https://www.tiempo3.com/europe/spain/madrid?page=14,"Viernes, 21 febrero",14°/7°,Lluvia moderada a intervalos,18Km/h
Madrid,2025-02-12,https://www.tiempo3.com/europe/spain/madrid?page=14,"Sábado, 22 febrero",11°/9°,Ligeras lluvias,4Km/h
Madrid,2025-02-12,https://www.tiempo3.com/europe/spain/madrid?page=14,"Domingo, 23 febrero",14°/7°,Parcialmente nublado,17Km/h
Madrid,2025-02-12,https://www.tiempo3.com/europe/spain/madrid?page=14,"Lunes, 24 febrero",9°/8°,Ligeras lluvias,12Km/h
Madrid,2025-02-12,https://www.tiempo3.com/europe/spain/madrid?page=14,"Martes, 25 febrero",12°/7°,Ligeras precipitaciones,6Km/h
A Coruña,2025-02-12,https://www.tiempo3.com/europe/spain/galicia/a-coruna?page=14,"Miércoles, 12 febrero",14°/9°,Lluvia moderada a intervalos,13Km/h
A Coruña,2025-02-12,https://www.tiempo3.com/europe/spain/galicia/a-coruna?page=14,"Jueves, 13 febrero",14°/11°,Ligeras lluvias,16Km/h
A Coruña,2025-02-12,https://www.tiempo3.com/europe/spain/galicia/a-coruna?page=14,"Viernes, 14 febrero",16°/12°,Cielo cubierto,12Km/h
A Coruña,2025-02-12,https://www.tiempo3.com/europe/spain/galicia/a-coruna?page=14,"Sábado, 15 febrero",16°/10°,Lluvia moderada a intervalos,9Km/h
A Coruña,2025-02-12,https://www.tiempo3.com/europe/spain/galicia/a-coruna?page=14,"Domingo, 16 febrero",16°/10°,Parcialmente nublado,10Km/h
A Coruña,2025-02-12,https://www.tiempo3.com/europe/spain/galicia/a-coruna?page=14,"Lunes, 17 febrero",16°/10°,Parcialmente nublado,10Km/h
A Coruña,2025-02-12,https://www.tiempo3.com/europe/spain/galicia/a-coruna?page=14,"Martes, 18 febrero",18°/11°,Parcialmente nublado,4Km/h
A Coruña,2025-02-12,https://www.tiempo3.com/europe/spain/galicia/a-coruna?page=14,"Miércoles, 19 febrero",18°/11°,Parcialmente nublado,7Km/h
A Coruña,2025-02-12,https://www.tiempo3.com/europe/spain/galicia/a-coruna?page=14,"Jueves, 20 febrero",17°/11°,Despejado,8Km/h
A Coruña,2025-02-12,https://www.tiempo3.com/europe/spain/galicia/a-coruna?page=14,"Viernes, 21 febrero",15°/11°,Lluvia moderada a intervalos,20Km/h
A Coruña,2025-02-12,https://www.tiempo3.com/europe/spain/galicia/a-coruna?page=14,"Sábado, 22 febrero",13°/10°,Ligeras precipitaciones,7Km/h
A Coruña,2025-02-12,https://www.tiempo3.com/europe/spain/galicia/a-coruna?page=14,"Domingo, 23 febrero",13°/9°,Nublado,27Km/h
A Coruña,2025-02-12,https://www.tiempo3.com/europe/spain/galicia/a-coruna?page=14,"Lunes, 24 febrero",12°/9°,Ligeras precipitaciones,16Km/h
A Coruña,2025-02-12,https://www.tiempo3.com/europe/spain/galicia/a-coruna?page=14,"Martes, 25 febrero",11°/7°,Ligeras precipitaciones,5Km/h
Fuerteventura,2025-02-12,https://www.tiempo3.com/europe/spain/canary-islands/fuerteventura?page=14,"Miércoles, 12 febrero",19°/16°,Parcialmente nublado,23Km/h
Fuerteventura,2025-02-12,https://www.tiempo3.com/europe/spain/canary-islands/fuerteventura?page=14,"Jueves, 13 febrero",19°/16°,Despejado,24Km/h
Fuerteventura,2025-02-12,https://www.tiempo3.com/europe/spain/canary-islands/fuerteventura?page=14,"Viernes, 14 febrero",19°/16°,Despejado,17Km/h
Fuerteventura,2025-02-12,https://www.tiempo3.com/europe/spain/canary-islands/fuerteventura?page=14,"Sábado, 15 febrero",20°/16°,Nublado,21Km/h
Fuerteventura,2025-02-12,https://www.tiempo3.com/europe/spain/canary-islands/fuerteventura?page=14,"Domingo, 16 febrero",19°/16°,Parcialmente nublado,28Km/h
Fuerteventura,2025-02-12,https://www.tiempo3.com/europe/spain/canary-islands/fuerteventura?page=14,"Lunes, 17 febrero",18°/15°,Despejado,8Km/h
Fuerteventura,2025-02-12,https://www.tiempo3.com/europe/spain/canary-islands/fuerteventura?page=14,"Martes, 18 febrero",19°/16°,Llovizna,32Km/h
Fuerteventura,2025-02-12,https://www.tiempo3.com/europe/spain/canary-islands/fuerteventura?page=14,"Miércoles, 19 febrero",19°/16°,Lluvia moderada a intervalos,21Km/h
Fuerteventura,2025-02-12,https://www.tiempo3.com/europe/spain/canary-islands/fuerteventura?page=14,"Jueves, 20 febrero",19°/16°,Lluvia moderada a intervalos,23Km/h
Fuerteventura,2025-02-12,https://www.tiempo3.com/europe/spain/canary-islands/fuerteventura?page=14,"Viernes, 21 febrero",20°/16°,Despejado,18Km/h
Fuerteventura,2025-02-12,https://www.tiempo3.com/europe/spain/canary-islands/fuerteventura?page=14,"Sábado, 22 febrero",19°/17°,Lluvia moderada a intervalos,21Km/h
Fuerteventura,2025-02-12,https://www.tiempo3.com/europe/spain/canary-islands/fuerteventura?page=14,"Domingo, 23 febrero",18°/16°,Parcialmente nublado,15Km/h
Fuerteventura,2025-02-12,https://www.tiempo3.com/europe/spain/canary-islands/fuerteventura?page=14,"Lunes, 24 febrero",19°/15°,Cielo cubierto,9Km/h
Fuerteventura,2025-02-12,https://www.tiempo3.com/europe/spain/canary-islands/fuerteventura?page=14,"Martes, 25 febrero",20°/16°,Lluvia moderada a intervalos,36Km/h
Pamplona,2025-02-12,https://www.tiempo3.com/europe/spain/navarre/pamplona?page=14,"Miércoles, 12 febrero",8°/4°,Ligeras lluvias,6Km/h
Pamplona,2025-02-12,https://www.tiempo3.com/europe/spain/navarre/pamplona?page=14,"Jueves, 13 febrero",13°/3°,Parcialmente nublado,6Km/h
Pamplona,2025-02-12,https://www.tiempo3.com/europe/spain/navarre/pamplona?page=14,"Viernes, 14 febrero",16°/7°,Parcialmente nublado,5Km/h
Pamplona,2025-02-12,https://www.tiempo3.com/europe/spain/navarre/pamplona?page=14,"Sábado, 15 febrero",15°/5°,Parcialmente nublado,5Km/h
Pamplona,2025-02-12,https://www.tiempo3.com/europe/spain/navarre/pamplona?page=14,"Domingo, 16 febrero",15°/4°,Parcialmente nublado,1Km/h
Pamplona,2025-02-12,https://www.tiempo3.com/europe/spain/navarre/pamplona?page=14,"Lunes, 17 febrero",16°/5°,Parcialmente nublado,7Km/h
Pamplona,2025-02-12,https://www.tiempo3.com/europe/spain/navarre/pamplona?page=14,"Martes, 18 febrero",15°/5°,Nublado,10Km/h
Pamplona,2025-02-12,https://www.tiempo3.com/europe/spain/navarre/pamplona?page=14,"Miércoles, 19 febrero",15°/4°,Parcialmente nublado,10Km/h
Pamplona,2025-02-12,https://www.tiempo3.com/europe/spain/navarre/pamplona?page=14,"Jueves, 20 febrero",15°/6°,Despejado,8Km/h
Pamplona,2025-02-12,https://www.tiempo3.com/europe/spain/navarre/pamplona?page=14,"Viernes, 21 febrero",13°/4°,Parcialmente nublado,21Km/h
Pamplona,2025-02-12,https://www.tiempo3.com/europe/spain/navarre/pamplona?page=14,"Sábado, 22 febrero",13°/8°,Ligeras precipitaciones,3Km/h
Pamplona,2025-02-12,https://www.tiempo3.com/europe/spain/navarre/pamplona?page=14,"Domingo, 23 febrero",15°/6°,Neblina,25Km/h
Pamplona,2025-02-12,https://www.tiempo3.com/europe/spain/navarre/pamplona?page=14,"Lunes, 24 febrero",9°/8°,Ligeras lluvias,19Km/h
Pamplona,2025-02-12,https://www.tiempo3.com/europe/spain/navarre/pamplona?page=14,"Martes, 25 febrero",10°/5°,Ligeras lluvias,5Km/h
Jerez,2025-02-12,https://www.tiempo3.com/europe/spain/andalucia/jerez?page=14,"Miércoles, 12 febrero",15°/11°,Cielo cubierto,12Km/h
Jerez,2025-02-12,https://www.tiempo3.com/europe/spain/andalucia/jerez?page=14,"Jueves, 13 febrero",17°/9°,Despejado,8Km/h
Jerez,2025-02-12,https://www.tiempo3.com/europe/spain/andalucia/jerez?page=14,"Viernes, 14 febrero",19°/9°,Cielo cubierto,2Km/h
Jerez,2025-02-12,https://www.tiempo3.com/europe/spain/andalucia/jerez?page=14,"Sábado, 15 febrero",19°/11°,Cielo cubierto,1Km/h
Jerez,2025-02-12,https://www.tiempo3.com/europe/spain/andalucia/jerez?page=14,"Domingo, 16 febrero",18°/11°,Despejado,4Km/h
Jerez,2025-02-12,https://www.tiempo3.com/europe/spain/andalucia/jerez?page=14,"Lunes, 17 febrero",20°/11°,Cielo cubierto,26Km/h
Jerez,2025-02-12,https://www.tiempo3.com/europe/spain/andalucia/jerez?page=14,"Martes, 18 febrero",21°/15°,Nublado,19Km/h
Jerez,2025-02-12,https://www.tiempo3.com/europe/spain/andalucia/jerez?page=14,"Miércoles, 19 febrero",15°/12°,Ligeras precipitaciones,6Km/h
Jerez,2025-02-12,https://www.tiempo3.com/europe/spain/andalucia/jerez?page=14,"Jueves, 20 febrero",18°/12°,Lluvia moderada a intervalos,8Km/h
Jerez,2025-02-12,https://www.tiempo3.com/europe/spain/andalucia/jerez?page=14,"Viernes, 21 febrero",16°/12°,Ligeras precipitaciones,23Km/h
Jerez,2025-02-12,https://www.tiempo3.com/europe/spain/andalucia/jerez?page=14,"Sábado, 22 febrero",15°/10°,Ligeras precipitaciones,19Km/h
Jerez,2025-02-12,https://www.tiempo3.com/europe/spain/andalucia/jerez?page=14,"Domingo, 23 febrero",15°/11°,Lluvia moderada a intervalos,6Km/h
Jerez,2025-02-12,https://www.tiempo3.com/europe/spain/andalucia/jerez?page=14,"Lunes, 24 febrero",16°/11°,Parcialmente nublado,17Km/h
Jerez,2025-02-12,https://www.tiempo3.com/europe/spain/andalucia/jerez?page=14,"Martes, 25 febrero",16°/11°,Ligeras precipitaciones,8Km/h
Bilbao,2025-02-12,https://www.tiempo3.com/europe/spain/pais-vasco/bilbao?page=14,"Miércoles, 12 febrero",12°/8°,Ligeras precipitaciones,3Km/h
Bilbao,2025-02-12,https://www.tiempo3.com/europe/spain/pais-vasco/bilbao?page=14,"Jueves, 13 febrero",15°/6°,Lluvia moderada a intervalos,6Km/h
Bilbao,2025-02-12,https://www.tiempo3.com/europe/spain/pais-vasco/bilbao?page=14,"Viernes, 14 febrero",18°/10°,Parcialmente nublado,7Km/h
Bilbao,2025-02-12,https://www.tiempo3.com/europe/spain/pais-vasco/bilbao?page=14,"Sábado, 15 febrero",19°/9°,Cielo cubierto,8Km/h
Bilbao,2025-02-12,https://www.tiempo3.com/europe/spain/pais-vasco/bilbao?page=14,"Domingo, 16 febrero",19°/8°,Despejado,6Km/h
Bilbao,2025-02-12,https://www.tiempo3.com/europe/spain/pais-vasco/bilbao?page=14,"Lunes, 17 febrero",19°/9°,Cielo cubierto,10Km/h
Bilbao,2025-02-12,https://www.tiempo3.com/europe/spain/pais-vasco/bilbao?page=14,"Martes, 18 febrero",18°/9°,Cielo cubierto,11Km/h
Bilbao,2025-02-12,https://www.tiempo3.com/europe/spain/pais-vasco/bilbao?page=14,"Miércoles, 19 febrero",17°/10°,Cielo cubierto,8Km/h
Bilbao,2025-02-12,https://www.tiempo3.com/europe/spain/pais-vasco/bilbao?page=14,"Jueves, 20 febrero",18°/9°,Parcialmente nublado,9Km/h
Bilbao,2025-02-12,https://www.tiempo3.com/europe/spain/pais-vasco/bilbao?page=14,"Viernes, 21 febrero",18°/9°,Despejado,12Km/h
Bilbao,2025-02-12,https://www.tiempo3.com/europe/spain/pais-vasco/bilbao?page=14,"Sábado, 22 febrero",16°/10°,Lluvia moderada a intervalos,2Km/h
Bilbao,2025-02-12,https://www.tiempo3.com/europe/spain/pais-vasco/bilbao?page=14,"Domingo, 23 febrero",18°/8°,Despejado,22Km/h
Bilbao,2025-02-12,https://www.tiempo3.com/europe/spain/pais-vasco/bilbao?page=14,"Lunes, 24 febrero",13°/9°,Ligeras lluvias,8Km/h
Bilbao,2025-02-12,https://www.tiempo3.com/europe/spain/pais-vasco/bilbao?page=14,"Martes, 25 febrero",13°/7°,Lluvia moderada a intervalos,3Km/h
Melilla,2025-02-12,https://www.tiempo3.com/europe/spain/melilla?page=14,"Miércoles, 12 febrero",17°/13°,Parcialmente nublado,28Km/h
Melilla,2025-02-12,https://www.tiempo3.com/europe/spain/melilla?page=14,"Jueves, 13 febrero",16°/13°,Despejado,5Km/h
Melilla,2025-02-12,https://www.tiempo3.com/europe/spain/melilla?page=14,"Viernes, 14 febrero",18°/12°,Nublado,2Km/h
Melilla,2025-02-12,https://www.tiempo3.com/europe/spain/melilla?page=14,"Sábado, 15 febrero",18°/13°,Cielo cubierto,11Km/h
Melilla,2025-02-12,https://www.tiempo3.com/europe/spain/melilla?page=14,"Domingo, 16 febrero",16°/13°,Cielo cubierto,3Km/h
Melilla,2025-02-12,https://www.tiempo3.com/europe/spain/melilla?page=14,"Lunes, 17 febrero",17°/12°,Despejado,19Km/h
Melilla,2025-02-12,https://www.tiempo3.com/europe/spain/melilla?page=14,"Martes, 18 febrero",22°/14°,Despejado,24Km/h
Melilla,2025-02-12,https://www.tiempo3.com/europe/spain/melilla?page=14,"Miércoles, 19 febrero",17°/15°,Nublado,24Km/h
Melilla,2025-02-12,https://www.tiempo3.com/europe/spain/melilla?page=14,"Jueves, 20 febrero",15°/12°,Lluvias fuertes o moderadas,11Km/h
Melilla,2025-02-12,https://www.tiempo3.com/europe/spain/melilla?page=14,"Viernes, 21 febrero",17°/13°,Lluvia moderada a intervalos,7Km/h
Melilla,2025-02-12,https://www.tiempo3.com/europe/spain/melilla?page=14,"Sábado, 22 febrero",16°/13°,Ligeras lluvias,42Km/h
Melilla,2025-02-12,https://www.tiempo3.com/europe/spain/melilla?page=14,"Domingo, 23 febrero",16°/13°,Lluvia moderada a intervalos,12Km/h
Melilla,2025-02-12,https://www.tiempo3.com/europe/spain/melilla?page=14,"Lunes, 24 febrero",17°/13°,Despejado,5Km/h
Melilla,2025-02-12,https://www.tiempo3.com/europe/spain/melilla?page=14,"Martes, 25 febrero",17°/13°,Despejado,5Km/h
Santander,2025-02-12,https://www.tiempo3.com/europe/spain/cantabria/santander?page=14,"Miércoles, 12 febrero",13°/11°,Ligeras precipitaciones,13Km/h
Santander,2025-02-12,https://www.tiempo3.com/europe/spain/cantabria/santander?page=14,"Jueves, 13 febrero",13°/9°,Cielo cubierto,8Km/h
Santander,2025-02-12,https://www.tiempo3.com/europe/spain/cantabria/santander?page=14,"Viernes, 14 febrero",16°/12°,Parcialmente nublado,17Km/h
Santander,2025-02-12,https://www.tiempo3.com/europe/spain/cantabria/santander?page=14,"Sábado, 15 febrero",16°/11°,Cielo cubierto,5Km/h
Santander,2025-02-12,https://www.tiempo3.com/europe/spain/cantabria/santander?page=14,"Domingo, 16 febrero",15°/11°,Despejado,6Km/h
Santander,2025-02-12,https://www.tiempo3.com/europe/spain/cantabria/santander?page=14,"Lunes, 17 febrero",16°/11°,Cielo cubierto,8Km/h
Santander,2025-02-12,https://www.tiempo3.com/europe/spain/cantabria/santander?page=14,"Martes, 18 febrero",18°/13°,Parcialmente nublado,14Km/h
Santander,2025-02-12,https://www.tiempo3.com/europe/spain/cantabria/santander?page=14,"Miércoles, 19 febrero",18°/13°,Despejado,13Km/h
Santander,2025-02-12,https://www.tiempo3.com/europe/spain/cantabria/santander?page=14,"Jueves, 20 febrero",16°/12°,Despejado,8Km/h
Santander,2025-02-12,https://www.tiempo3.com/europe/spain/cantabria/santander?page=14,"Viernes, 21 febrero",19°/12°,Despejado,15Km/h
Santander,2025-02-12,https://www.tiempo3.com/europe/spain/cantabria/santander?page=14,"Sábado, 22 febrero",15°/12°,Lluvia moderada a intervalos,10Km/h
Santander,2025-02-12,https://www.tiempo3.com/europe/spain/cantabria/santander?page=14,"Domingo, 23 febrero",17°/10°,Parcialmente nublado,25Km/h
Santander,2025-02-12,https://www.tiempo3.com/europe/spain/cantabria/santander?page=14,"Lunes, 24 febrero",12°/10°,Ligeras lluvias,15Km/h
Santander,2025-02-12,https://www.tiempo3.com/europe/spain/cantabria/santander?page=14,"Martes, 25 febrero",12°/9°,Ligeras precipitaciones,3Km/h
Burgos,2025-02-12,https://www.tiempo3.com/europe/spain/castilla-y-leon/burgos?page=14,"Miércoles, 12 febrero",9°/4°,Ligeras lluvias,6Km/h
Burgos,2025-02-12,https://www.tiempo3.com/europe/spain/castilla-y-leon/burgos?page=14,"Jueves, 13 febrero",10°/1°,Lluvia moderada a intervalos,7Km/h
Burgos,2025-02-12,https://www.tiempo3.com/europe/spain/castilla-y-leon/burgos?page=14,"Viernes, 14 febrero",14°/6°,Parcialmente nublado,4Km/h
Burgos,2025-02-12,https://www.tiempo3.com/europe/spain/castilla-y-leon/burgos?page=14,"Sábado, 15 febrero",13°/5°,Despejado,2Km/h
Burgos,2025-02-12,https://www.tiempo3.com/europe/spain/castilla-y-leon/burgos?page=14,"Domingo, 16 febrero",14°/4°,Despejado,5Km/h
Burgos,2025-02-12,https://www.tiempo3.com/europe/spain/castilla-y-leon/burgos?page=14,"Lunes, 17 febrero",14°/4°,Despejado,8Km/h
Burgos,2025-02-12,https://www.tiempo3.com/europe/spain/castilla-y-leon/burgos?page=14,"Martes, 18 febrero",16°/7°,Cielo cubierto,22Km/h
Burgos,2025-02-12,https://www.tiempo3.com/europe/spain/castilla-y-leon/burgos?page=14,"Miércoles, 19 febrero",14°/5°,Lluvia moderada a intervalos,12Km/h
Burgos,2025-02-12,https://www.tiempo3.com/europe/spain/castilla-y-leon/burgos?page=14,"Jueves, 20 febrero",15°/5°,Parcialmente nublado,9Km/h
Burgos,2025-02-12,https://www.tiempo3.com/europe/spain/castilla-y-leon/burgos?page=14,"Viernes, 21 febrero",14°/5°,Parcialmente nublado,22Km/h
Burgos,2025-02-12,https://www.tiempo3.com/europe/spain/castilla-y-leon/burgos?page=14,"Sábado, 22 febrero",10°/7°,Lluvia moderada a intervalos,4Km/h
Burgos,2025-02-12,https://www.tiempo3.com/europe/spain/castilla-y-leon/burgos?page=14,"Domingo, 23 febrero",13°/4°,Neblina,23Km/h
Burgos,2025-02-12,https://www.tiempo3.com/europe/spain/castilla-y-leon/burgos?page=14,"Lunes, 24 febrero",9°/6°,Ligeras lluvias,20Km/h
Burgos,2025-02-12,https://www.tiempo3.com/europe/spain/castilla-y-leon/burgos?page=14,"Martes, 25 febrero",9°/4°,Lluvia moderada a intervalos,8Km/h
Salamanca,2025-02-12,https://www.tiempo3.com/europe/spain/castilla-y-leon/salamanca?page=14,"Miércoles, 12 febrero",10°/4°,Parcialmente nublado,11Km/h
Salamanca,2025-02-12,https://www.tiempo3.com/europe/spain/castilla-y-leon/salamanca?page=14,"Jueves, 13 febrero",12°/4°,Cielo cubierto,4Km/h
Salamanca,2025-02-12,https://www.tiempo3.com/europe/spain/castilla-y-leon/salamanca?page=14,"Viernes, 14 febrero",14°/5°,Cielo cubierto,8Km/h
Salamanca,2025-02-12,https://www.tiempo3.com/europe/spain/castilla-y-leon/salamanca?page=14,"Sábado, 15 febrero",15°/5°,Parcialmente nublado,8Km/h
Salamanca,2025-02-12,https://www.tiempo3.com/europe/spain/castilla-y-leon/salamanca?page=14,"Domingo, 16 febrero",15°/4°,Despejado,9Km/h
Salamanca,2025-02-12,https://www.tiempo3.com/europe/spain/castilla-y-leon/salamanca?page=14,"Lunes, 17 febrero",16°/5°,Despejado,7Km/h
Salamanca,2025-02-12,https://www.tiempo3.com/europe/spain/castilla-y-leon/salamanca?page=14,"Martes, 18 febrero",17°/7°,Soleado,18Km/h
Salamanca,2025-02-12,https://www.tiempo3.com/europe/spain/castilla-y-leon/salamanca?page=14,"Miércoles, 19 febrero",15°/7°,Lluvia moderada a intervalos,3Km/h
Salamanca,2025-02-12,https://www.tiempo3.com/europe/spain/castilla-y-leon/salamanca?page=14,"Jueves, 20 febrero",15°/7°,Lluvia moderada a intervalos,7Km/h
Salamanca,2025-02-12,https://www.tiempo3.com/europe/spain/castilla-y-leon/salamanca?page=14,"Viernes, 21 febrero",14°/7°,Lluvia moderada a intervalos,14Km/h
Salamanca,2025-02-12,https://www.tiempo3.com/europe/spain/castilla-y-leon/salamanca?page=14,"Sábado, 22 febrero",10°/6°,Ligeras lluvias,4Km/h
Salamanca,2025-02-12,https://www.tiempo3.com/europe/spain/castilla-y-leon/salamanca?page=14,"Domingo, 23 febrero",11°/4°,Parcialmente nublado,26Km/h
Salamanca,2025-02-12,https://www.tiempo3.com/europe/spain/castilla-y-leon/salamanca?page=14,"Lunes, 24 febrero",11°/6°,Ligeras lluvias,11Km/h
Salamanca,2025-02-12,https://www.tiempo3.com/europe/spain/castilla-y-leon/salamanca?page=14,"Martes, 25 febrero",10°/3°,Llovizna,6Km/h
Murcia,2025-02-12,https://www.tiempo3.com/europe/spain/murcia?page=14,"Miércoles, 12 febrero",21°/7°,Parcialmente nublado,27Km/h
Murcia,2025-02-12,https://www.tiempo3.com/europe/spain/murcia?page=14,"Jueves, 13 febrero",20°/8°,Despejado,5Km/h
Murcia,2025-02-12,https://www.tiempo3.com/europe/spain/murcia?page=14,"Viernes, 14 febrero",22°/9°,Despejado,12Km/h
Murcia,2025-02-12,https://www.tiempo3.com/europe/spain/murcia?page=14,"Sábado, 15 febrero",21°/10°,Cielo cubierto,7Km/h
Murcia,2025-02-12,https://www.tiempo3.com/europe/spain/murcia?page=14,"Domingo, 16 febrero",19°/8°,Cielo cubierto,4Km/h
Murcia,2025-02-12,https://www.tiempo3.com/europe/spain/murcia?page=14,"Lunes, 17 febrero",22°/8°,Despejado,8Km/h
Murcia,2025-02-12,https://www.tiempo3.com/europe/spain/murcia?page=14,"Martes, 18 febrero",18°/8°,Parcialmente nublado,23Km/h
Murcia,2025-02-12,https://www.tiempo3.com/europe/spain/murcia?page=14,"Miércoles, 19 febrero",20°/12°,Parcialmente nublado,22Km/h
Murcia,2025-02-12,https://www.tiempo3.com/europe/spain/murcia?page=14,"Jueves, 20 febrero",15°/11°,Ligeras precipitaciones,11Km/h
Murcia,2025-02-12,https://www.tiempo3.com/europe/spain/murcia?page=14,"Viernes, 21 febrero",17°/11°,Ligeras precipitaciones,5Km/h
Murcia,2025-02-12,https://www.tiempo3.com/europe/spain/murcia?page=14,"Sábado, 22 febrero",12°/11°,Ligeras lluvias,24Km/h
Murcia,2025-02-12,https://www.tiempo3.com/europe/spain/murcia?page=14,"Domingo, 23 febrero",19°/12°,Lluvia moderada a intervalos,7Km/h
Murcia,2025-02-12,https://www.tiempo3.com/europe/spain/murcia?page=14,"Lunes, 24 febrero",19°/11°,Despejado,8Km/h
Murcia,2025-02-12,https://www.tiempo3.com/europe/spain/murcia?page=14,"Martes, 25 febrero",18°/10°,Parcialmente nublado,4Km/h
Vigo,2025-02-12,https://www.tiempo3.com/europe/spain/asturias/vigo?page=14,"Miércoles, 12 febrero",13°/10°,Lluvia moderada a intervalos,9Km/h
Vigo,2025-02-12,https://www.tiempo3.com/europe/spain/asturias/vigo?page=14,"Jueves, 13 febrero",13°/11°,Llovizna,11Km/h
Vigo,2025-02-12,https://www.tiempo3.com/europe/spain/asturias/vigo?page=14,"Viernes, 14 febrero",16°/10°,Parcialmente nublado,10Km/h
Vigo,2025-02-12,https://www.tiempo3.com/europe/spain/asturias/vigo?page=14,"Sábado, 15 febrero",16°/10°,Parcialmente nublado,6Km/h
Vigo,2025-02-12,https://www.tiempo3.com/europe/spain/asturias/vigo?page=14,"Domingo, 16 febrero",16°/10°,Nublado,9Km/h
Vigo,2025-02-12,https://www.tiempo3.com/europe/spain/asturias/vigo?page=14,"Lunes, 17 febrero",16°/10°,Parcialmente nublado,10Km/h
Vigo,2025-02-12,https://www.tiempo3.com/europe/spain/asturias/vigo?page=14,"Martes, 18 febrero",18°/11°,Lluvia moderada a intervalos,9Km/h
Vigo,2025-02-12,https://www.tiempo3.com/europe/spain/asturias/vigo?page=14,"Miércoles, 19 febrero",18°/11°,Nublado,4Km/h
Vigo,2025-02-12,https://www.tiempo3.com/europe/spain/asturias/vigo?page=14,"Jueves, 20 febrero",17°/11°,Parcialmente nublado,7Km/h
Vigo,2025-02-12,https://www.tiempo3.com/europe/spain/asturias/vigo?page=14,"Viernes, 21 febrero",14°/10°,Llovizna,17Km/h
Vigo,2025-02-12,https://www.tiempo3.com/europe/spain/asturias/vigo?page=14,"Sábado, 22 febrero",13°/9°,Lluvia moderada a intervalos,5Km/h
Vigo,2025-02-12,https://www.tiempo3.com/europe/spain/asturias/vigo?page=14,"Domingo, 23 febrero",12°/9°,Lluvia moderada a intervalos,24Km/h
Vigo,2025-02-12,https://www.tiempo3.com/europe/spain/asturias/vigo?page=14,"Lunes, 24 febrero",12°/9°,Ligeras precipitaciones,16Km/h
Vigo,2025-02-12,https://www.tiempo3.com/europe/spain/asturias/vigo?page=14,"Martes, 25 febrero",12°/7°,Lluvia moderada a intervalos,4Km/h
Almeria,2025-02-12,https://www.tiempo3.com/europe/spain/andalucia/almeria?page=14,"Miércoles, 12 febrero",17°/12°,Parcialmente nublado,15Km/h
Almeria,2025-02-12,https://www.tiempo3.com/europe/spain/andalucia/almeria?page=14,"Jueves, 13 febrero",16°/12°,Despejado,1Km/h
Almeria,2025-02-12,https://www.tiempo3.com/europe/spain/andalucia/almeria?page=14,"Viernes, 14 febrero",16°/12°,Soleado,4Km/h
Almeria,2025-02-12,https://www.tiempo3.com/europe/spain/andalucia/almeria?page=14,"Sábado, 15 febrero",17°/13°,Cielo cubierto,9Km/h
Almeria,2025-02-12,https://www.tiempo3.com/europe/spain/andalucia/almeria?page=14,"Domingo, 16 febrero",17°/14°,Cielo cubierto,6Km/h
Almeria,2025-02-12,https://www.tiempo3.com/europe/spain/andalucia/almeria?page=14,"Lunes, 17 febrero",17°/12°,Soleado,13Km/h
Almeria,2025-02-12,https://www.tiempo3.com/europe/spain/andalucia/almeria?page=14,"Martes, 18 febrero",18°/13°,Despejado,32Km/h
Almeria,2025-02-12,https://www.tiempo3.com/europe/spain/andalucia/almeria?page=14,"Miércoles, 19 febrero",17°/14°,Llovizna,27Km/h
Almeria,2025-02-12,https://www.tiempo3.com/europe/spain/andalucia/almeria?page=14,"Jueves, 20 febrero",14°/12°,Lluvias con tormenta fuertes o moderadas en la región,8Km/h
Almeria,2025-02-12,https://www.tiempo3.com/europe/spain/andalucia/almeria?page=14,"Viernes, 21 febrero",15°/13°,Parcialmente nublado,6Km/h
Almeria,2025-02-12,https://www.tiempo3.com/europe/spain/andalucia/almeria?page=14,"Sábado, 22 febrero",13°/12°,Ligeras lluvias,9Km/h
Almeria,2025-02-12,https://www.tiempo3.com/europe/spain/andalucia/almeria?page=14,"Domingo, 23 febrero",15°/12°,Parcialmente nublado,9Km/h
Almeria,2025-02-12,https://www.tiempo3.com/europe/spain/andalucia/almeria?page=14,"Lunes, 24 febrero",15°/13°,Despejado,15Km/h
Almeria,2025-02-12,https://www.tiempo3.com/europe/spain/andalucia/almeria?page=14,"Martes, 25 febrero",16°/13°,Lluvia moderada a intervalos,7Km/h
Mahon,2025-02-12,https://www.tiempo3.com/europe/spain/balearic-islands/mahon?page=14,"Miércoles, 12 febrero",16°/13°,Nublado,14Km/h
Mahon,2025-02-12,https://www.tiempo3.com/europe/spain/balearic-islands/mahon?page=14,"Jueves, 13 febrero",14°/13°,Lluvia moderada a intervalos,23Km/h
Mahon,2025-02-12,https://www.tiempo3.com/europe/spain/balearic-islands/mahon?page=14,"Viernes, 14 febrero",14°/12°,Lluvia moderada a intervalos,5Km/h
Mahon,2025-02-12,https://www.tiempo3.com/europe/spain/balearic-islands/mahon?page=14,"Sábado, 15 febrero",14°/12°,Parcialmente nublado,15Km/h
Mahon,2025-02-12,https://www.tiempo3.com/europe/spain/balearic-islands/mahon?page=14,"Domingo, 16 febrero",14°/12°,Soleado,8Km/h
Mahon,2025-02-12,https://www.tiempo3.com/europe/spain/balearic-islands/mahon?page=14,"Lunes, 17 febrero",15°/13°,Despejado,6Km/h
Mahon,2025-02-12,https://www.tiempo3.com/europe/spain/balearic-islands/mahon?page=14,"Martes, 18 febrero",15°/13°,Despejado,23Km/h
Mahon,2025-02-12,https://www.tiempo3.com/europe/spain/balearic-islands/mahon?page=14,"Miércoles, 19 febrero",15°/14°,Despejado,28Km/h
Mahon,2025-02-12,https://www.tiempo3.com/europe/spain/balearic-islands/mahon?page=14,"Jueves, 20 febrero",14°/14°,Parcialmente nublado,36Km/h
Mahon,2025-02-12,https://www.tiempo3.com/europe/spain/balearic-islands/mahon?page=14,"Viernes, 21 febrero",15°/14°,Lluvia moderada a intervalos,17Km/h
Mahon,2025-02-12,https://www.tiempo3.com/europe/spain/balearic-islands/mahon?page=14,"Sábado, 22 febrero",15°/13°,Lluvia moderada a intervalos,21Km/h
Mahon,2025-02-12,https://www.tiempo3.com/europe/spain/balearic-islands/mahon?page=14,"Domingo, 23 febrero",15°/13°,Ligeras precipitaciones,13Km/h
Mahon,2025-02-12,https://www.tiempo3.com/europe/spain/balearic-islands/mahon?page=14,"Lunes, 24 febrero",15°/13°,Despejado,13Km/h
Mahon,2025-02-12,https://www.tiempo3.com/europe/spain/balearic-islands/mahon?page=14,"Martes, 25 febrero",15°/14°,Parcialmente nublado,21Km/h
Vitoria-Gasteiz,2025-02-12,https://www.tiempo3.com/europe/spain/pais-vasco/vitoria-gasteiz?page=14,"Miércoles, 12 febrero",9°/4°,Ligeras lluvias,3Km/h
Vitoria-Gasteiz,2025-02-12,https://www.tiempo3.com/europe/spain/pais-vasco/vitoria-gasteiz?page=14,"Jueves, 13 febrero",13°/2°,Lluvia moderada a intervalos,4Km/h
Vitoria-Gasteiz,2025-02-12,https://www.tiempo3.com/europe/spain/pais-vasco/vitoria-gasteiz?page=14,"Viernes, 14 febrero",16°/6°,Parcialmente nublado,5Km/h
Vitoria-Gasteiz,2025-02-12,https://www.tiempo3.com/europe/spain/pais-vasco/vitoria-gasteiz?page=14,"Sábado, 15 febrero",15°/5°,Despejado,8Km/h
Vitoria-Gasteiz,2025-02-12,https://www.tiempo3.com/europe/spain/pais-vasco/vitoria-gasteiz?page=14,"Domingo, 16 febrero",16°/5°,Parcialmente nublado,6Km/h
Vitoria-Gasteiz,2025-02-12,https://www.tiempo3.com/europe/spain/pais-vasco/vitoria-gasteiz?page=14,"Lunes, 17 febrero",16°/5°,Parcialmente nublado,9Km/h
Vitoria-Gasteiz,2025-02-12,https://www.tiempo3.com/europe/spain/pais-vasco/vitoria-gasteiz?page=14,"Martes, 18 febrero",15°/6°,Nublado,22Km/h
Vitoria-Gasteiz,2025-02-12,https://www.tiempo3.com/europe/spain/pais-vasco/vitoria-gasteiz?page=14,"Miércoles, 19 febrero",14°/7°,Despejado,14Km/h
Vitoria-Gasteiz,2025-02-12,https://www.tiempo3.com/europe/spain/pais-vasco/vitoria-gasteiz?page=14,"Jueves, 20 febrero",15°/6°,Neblina,9Km/h
Vitoria-Gasteiz,2025-02-12,https://www.tiempo3.com/europe/spain/pais-vasco/vitoria-gasteiz?page=14,"Viernes, 21 febrero",14°/5°,Soleado,22Km/h
Vitoria-Gasteiz,2025-02-12,https://www.tiempo3.com/europe/spain/pais-vasco/vitoria-gasteiz?page=14,"Sábado, 22 febrero",13°/9°,Lluvia moderada a intervalos,4Km/h
Vitoria-Gasteiz,2025-02-12,https://www.tiempo3.com/europe/spain/pais-vasco/vitoria-gasteiz?page=14,"Domingo, 23 febrero",16°/6°,Neblina,13Km/h
Vitoria-Gasteiz,2025-02-12,https://www.tiempo3.com/europe/spain/pais-vasco/vitoria-gasteiz?page=14,"Lunes, 24 febrero",10°/8°,Llovizna,9Km/h
Vitoria-Gasteiz,2025-02-12,https://www.tiempo3.com/europe/spain/pais-vasco/vitoria-gasteiz?page=14,"Martes, 25 febrero",12°/7°,Lluvia moderada a intervalos,4Km/h
Málaga,2025-02-12,https://www.tiempo3.com/europe/spain/andalucia/malaga?page=14,"Miércoles, 12 febrero",18°/11°,Parcialmente nublado,18Km/h
Málaga,2025-02-12,https://www.tiempo3.com/europe/spain/andalucia/malaga?page=14,"Jueves, 13 febrero",18°/9°,Parcialmente nublado,3Km/h
Málaga,2025-02-12,https://www.tiempo3.com/europe/spain/andalucia/malaga?page=14,"Viernes, 14 febrero",18°/10°,Parcialmente nublado,2Km/h
Málaga,2025-02-12,https://www.tiempo3.com/europe/spain/andalucia/malaga?page=14,"Sábado, 15 febrero",19°/11°,Cielo cubierto,2Km/h
Málaga,2025-02-12,https://www.tiempo3.com/europe/spain/andalucia/malaga?page=14,"Domingo, 16 febrero",19°/12°,Cielo cubierto,2Km/h
Málaga,2025-02-12,https://www.tiempo3.com/europe/spain/andalucia/malaga?page=14,"Lunes, 17 febrero",18°/11°,Parcialmente nublado,11Km/h
Málaga,2025-02-12,https://www.tiempo3.com/europe/spain/andalucia/malaga?page=14,"Martes, 18 febrero",20°/12°,Cielo cubierto,37Km/h
Málaga,2025-02-12,https://www.tiempo3.com/europe/spain/andalucia/malaga?page=14,"Miércoles, 19 febrero",19°/16°,Ligeras precipitaciones,10Km/h
Málaga,2025-02-12,https://www.tiempo3.com/europe/spain/andalucia/malaga?page=14,"Jueves, 20 febrero",16°/12°,Ligeras lluvias,6Km/h
Málaga,2025-02-12,https://www.tiempo3.com/europe/spain/andalucia/malaga?page=14,"Viernes, 21 febrero",17°/10°,Lluvia moderada a intervalos,8Km/h
Málaga,2025-02-12,https://www.tiempo3.com/europe/spain/andalucia/malaga?page=14,"Sábado, 22 febrero",16°/12°,Ligeras precipitaciones,14Km/h
Málaga,2025-02-12,https://www.tiempo3.com/europe/spain/andalucia/malaga?page=14,"Domingo, 23 febrero",17°/10°,Lluvia moderada a intervalos,12Km/h
Málaga,2025-02-12,https://www.tiempo3.com/europe/spain/andalucia/malaga?page=14,"Lunes, 24 febrero",17°/12°,Despejado,4Km/h
Málaga,2025-02-12,https://www.tiempo3.com/europe/spain/andalucia/malaga?page=14,"Martes, 25 febrero",13°/12°,Ligeras precipitaciones,3Km/h
Alicante,2025-02-12,https://www.tiempo3.com/europe/spain/comunidad-valenciana/alicante?page=14,"Miércoles, 12 febrero",19°/10°,Despejado,19Km/h
Alicante,2025-02-12,https://www.tiempo3.com/europe/spain/comunidad-valenciana/alicante?page=14,"Jueves, 13 febrero",15°/11°,Despejado,7Km/h
Alicante,2025-02-12,https://www.tiempo3.com/europe/spain/comunidad-valenciana/alicante?page=14,"Viernes, 14 febrero",19°/12°,Despejado,1Km/h
Alicante,2025-02-12,https://www.tiempo3.com/europe/spain/comunidad-valenciana/alicante?page=14,"Sábado, 15 febrero",17°/13°,Soleado,7Km/h
Alicante,2025-02-12,https://www.tiempo3.com/europe/spain/comunidad-valenciana/alicante?page=14,"Domingo, 16 febrero",16°/12°,Nublado,4Km/h
Alicante,2025-02-12,https://www.tiempo3.com/europe/spain/comunidad-valenciana/alicante?page=14,"Lunes, 17 febrero",17°/11°,Despejado,4Km/h
Alicante,2025-02-12,https://www.tiempo3.com/europe/spain/comunidad-valenciana/alicante?page=14,"Martes, 18 febrero",16°/12°,Despejado,27Km/h
Alicante,2025-02-12,https://www.tiempo3.com/europe/spain/comunidad-valenciana/alicante?page=14,"Miércoles, 19 febrero",18°/13°,Parcialmente nublado,24Km/h
Alicante,2025-02-12,https://www.tiempo3.com/europe/spain/comunidad-valenciana/alicante?page=14,"Jueves, 20 febrero",17°/14°,Lluvia moderada a intervalos,24Km/h
Alicante,2025-02-12,https://www.tiempo3.com/europe/spain/comunidad-valenciana/alicante?page=14,"Viernes, 21 febrero",15°/13°,Lluvia moderada a intervalos,4Km/h
Alicante,2025-02-12,https://www.tiempo3.com/europe/spain/comunidad-valenciana/alicante?page=14,"Sábado, 22 febrero",14°/12°,Lluvia moderada,14Km/h
Alicante,2025-02-12,https://www.tiempo3.com/europe/spain/comunidad-valenciana/alicante?page=14,"Domingo, 23 febrero",16°/13°,Lluvia moderada a intervalos,7Km/h
Alicante,2025-02-12,https://www.tiempo3.com/europe/spain/comunidad-valenciana/alicante?page=14,"Lunes, 24 febrero",16°/12°,Despejado,8Km/h
Alicante,2025-02-12,https://www.tiempo3.com/europe/spain/comunidad-valenciana/alicante?page=14,"Martes, 25 febrero",16°/11°,Lluvia moderada a intervalos,3Km/h
San Sebastian,2025-02-12,https://www.tiempo3.com/europe/spain/pais-vasco/san-sebastian?page=14,"Miércoles, 12 febrero",19°/18°,Lluvia moderada a intervalos,17Km/h
San Sebastian,2025-02-12,https://www.tiempo3.com/europe/spain/pais-vasco/san-sebastian?page=14,"Jueves, 13 febrero",19°/18°,Cielo cubierto,15Km/h
San Sebastian,2025-02-12,https://www.tiempo3.com/europe/spain/pais-vasco/san-sebastian?page=14,"Viernes, 14 febrero",19°/18°,Despejado,11Km/h
San Sebastian,2025-02-12,https://www.tiempo3.com/europe/spain/pais-vasco/san-sebastian?page=14,"Sábado, 15 febrero",19°/18°,Lluvia moderada a intervalos,27Km/h
San Sebastian,2025-02-12,https://www.tiempo3.com/europe/spain/pais-vasco/san-sebastian?page=14,"Domingo, 16 febrero",18°/17°,Despejado,15Km/h
San Sebastian,2025-02-12,https://www.tiempo3.com/europe/spain/pais-vasco/san-sebastian?page=14,"Lunes, 17 febrero",18°/17°,Parcialmente nublado,23Km/h
San Sebastian,2025-02-12,https://www.tiempo3.com/europe/spain/pais-vasco/san-sebastian?page=14,"Martes, 18 febrero",19°/18°,Lluvia moderada a intervalos,35Km/h
San Sebastian,2025-02-12,https://www.tiempo3.com/europe/spain/pais-vasco/san-sebastian?page=14,"Miércoles, 19 febrero",18°/17°,Lluvia moderada a intervalos,19Km/h
San Sebastian,2025-02-12,https://www.tiempo3.com/europe/spain/pais-vasco/san-sebastian?page=14,"Jueves, 20 febrero",17°/16°,Despejado,14Km/h
San Sebastian,2025-02-12,https://www.tiempo3.com/europe/spain/pais-vasco/san-sebastian?page=14,"Viernes, 21 febrero",19°/17°,Despejado,21Km/h
San Sebastian,2025-02-12,https://www.tiempo3.com/europe/spain/pais-vasco/san-sebastian?page=14,"Sábado, 22 febrero",19°/17°,Despejado,10Km/h
San Sebastian,2025-02-12,https://www.tiempo3.com/europe/spain/pais-vasco/san-sebastian?page=14,"Domingo, 23 febrero",17°/17°,Despejado,7Km/h
San Sebastian,2025-02-12,https://www.tiempo3.com/europe/spain/pais-vasco/san-sebastian?page=14,"Lunes, 24 febrero",18°/17°,Cielo cubierto,9Km/h
San Sebastian,2025-02-12,https://www.tiempo3.com/europe/spain/pais-vasco/san-sebastian?page=14,"Martes, 25 febrero",18°/17°,Lluvia moderada a intervalos,37Km/h
La Palma,2025-02-12,https://www.tiempo3.com/europe/spain/catalonia/la-palma?page=14,"Miércoles, 12 febrero",18°/11°,Lluvia moderada a intervalos,24Km/h
La Palma,2025-02-12,https://www.tiempo3.com/europe/spain/catalonia/la-palma?page=14,"Jueves, 13 febrero",18°/12°,Cielo cubierto,8Km/h
La Palma,2025-02-12,https://www.tiempo3.com/europe/spain/catalonia/la-palma?page=14,"Viernes, 14 febrero",18°/12°,Despejado,14Km/h
La Palma,2025-02-12,https://www.tiempo3.com/europe/spain/catalonia/la-palma?page=14,"Sábado, 15 febrero",18°/13°,Cielo cubierto,9Km/h
La Palma,2025-02-12,https://www.tiempo3.com/europe/spain/catalonia/la-palma?page=14,"Domingo, 16 febrero",17°/12°,Cielo cubierto,5Km/h
La Palma,2025-02-12,https://www.tiempo3.com/europe/spain/catalonia/la-palma?page=14,"Lunes, 17 febrero",17°/12°,Despejado,8Km/h
La Palma,2025-02-12,https://www.tiempo3.com/europe/spain/catalonia/la-palma?page=14,"Martes, 18 febrero",17°/12°,Soleado,32Km/h
La Palma,2025-02-12,https://www.tiempo3.com/europe/spain/catalonia/la-palma?page=14,"Miércoles, 19 febrero",18°/14°,Parcialmente nublado,40Km/h
La Palma,2025-02-12,https://www.tiempo3.com/europe/spain/catalonia/la-palma?page=14,"Jueves, 20 febrero",16°/14°,Ligeras precipitaciones,30Km/h
La Palma,2025-02-12,https://www.tiempo3.com/europe/spain/catalonia/la-palma?page=14,"Viernes, 21 febrero",16°/13°,Ligeras precipitaciones,12Km/h
La Palma,2025-02-12,https://www.tiempo3.com/europe/spain/catalonia/la-palma?page=14,"Sábado, 22 febrero",13°/12°,Lluvia moderada,26Km/h
La Palma,2025-02-12,https://www.tiempo3.com/europe/spain/catalonia/la-palma?page=14,"Domingo, 23 febrero",17°/13°,Lluvia moderada a intervalos,12Km/h
La Palma,2025-02-12,https://www.tiempo3.com/europe/spain/catalonia/la-palma?page=14,"Lunes, 24 febrero",16°/13°,Despejado,17Km/h
La Palma,2025-02-12,https://www.tiempo3.com/europe/spain/catalonia/la-palma?page=14,"Martes, 25 febrero",16°/13°,Despejado,3Km/h
Lleida,2025-02-12,https://www.tiempo3.com/europe/spain/catalonia/lleida?page=14,"Miércoles, 12 febrero",10°/8°,Ligeras lluvias,5Km/h
Lleida,2025-02-12,https://www.tiempo3.com/europe/spain/catalonia/lleida?page=14,"Jueves, 13 febrero",14°/6°,Parcialmente nublado,3Km/h
Lleida,2025-02-12,https://www.tiempo3.com/europe/spain/catalonia/lleida?page=14,"Viernes, 14 febrero",16°/6°,Despejado,5Km/h
Lleida,2025-02-12,https://www.tiempo3.com/europe/spain/catalonia/lleida?page=14,"Sábado, 15 febrero",15°/8°,Parcialmente nublado,5Km/h
Lleida,2025-02-12,https://www.tiempo3.com/europe/spain/catalonia/lleida?page=14,"Domingo, 16 febrero",17°/8°,Parcialmente nublado,3Km/h
Lleida,2025-02-12,https://www.tiempo3.com/europe/spain/catalonia/lleida?page=14,"Lunes, 17 febrero",18°/7°,Despejado,6Km/h
Lleida,2025-02-12,https://www.tiempo3.com/europe/spain/catalonia/lleida?page=14,"Martes, 18 febrero",18°/8°,Parcialmente nublado,9Km/h
Lleida,2025-02-12,https://www.tiempo3.com/europe/spain/catalonia/lleida?page=14,"Miércoles, 19 febrero",18°/8°,Despejado,8Km/h
Lleida,2025-02-12,https://www.tiempo3.com/europe/spain/catalonia/lleida?page=14,"Jueves, 20 febrero",17°/8°,Nublado,5Km/h
Lleida,2025-02-12,https://www.tiempo3.com/europe/spain/catalonia/lleida?page=14,"Viernes, 21 febrero",15°/8°,Lluvia moderada a intervalos,12Km/h
Lleida,2025-02-12,https://www.tiempo3.com/europe/spain/catalonia/lleida?page=14,"Sábado, 22 febrero",16°/12°,Ligeras precipitaciones,8Km/h
Lleida,2025-02-12,https://www.tiempo3.com/europe/spain/catalonia/lleida?page=14,"Domingo, 23 febrero",17°/10°,Ligeras precipitaciones,9Km/h
Lleida,2025-02-12,https://www.tiempo3.com/europe/spain/catalonia/lleida?page=14,"Lunes, 24 febrero",16°/10°,Lluvia moderada a intervalos,8Km/h
Lleida,2025-02-12,https://www.tiempo3.com/europe/spain/catalonia/lleida?page=14,"Martes, 25 febrero",14°/11°,Ligeras precipitaciones,7Km/h
